Rank,Industry,Sector,RS,1 M_RS,3M_RS,6M_RS,Ticker
1,Nan,Nan,90,88,66,95,SURAJINDPP.BO
2,Computer Communications,Electronic Technology,84,1,31,89,KERNEX.NS
3,Biotechnology,Health Technology,70,66,64,72,"RUBICON.NS,TITANBIO.BO,AKUMS.NS,ANL.BO,ANTHEM.NS,HALEOSLABS.NS,FERMENTA.NS,GVBL.BO,FABTECH.NS"
4,Food: Meat/Fish/Dairy,Consumer Non-Durables,69,74,70,60,"SCPL.NS,ESSEX.BO,SCAGRO.BO,KWIL.NS,MILKYMIST.NS,CHATHA.BO,MUKKA.NS,HATSUN.NS,APEX.NS,HERITGFOOD.NS,PARAGMILK.NS,NCCBLUE.BO,MODAIRY.BO,DODLA.NS"
5,Oil & Gas Production,Energy Minerals,67,78,78,64,"ASIANENE.NS,PRABHA.NS,VOGL.NS,BHAGWOX.BO"
6,Contract Drilling,Industrial Services,66,75,58,69,JINDRILL.NS
7,Airlines,Transportation,66,41,63,68,"AFCOM.BO,JETFREIGHT.NS,TAALTECH.NS,INDIGO.NS"
8,Oilfield Services/Equipment,Industrial Services,66,67,66,71,"CRYOGENIC.BO,DEEPINDS.NS,DOLPHIN.NS,TRISHAKT.BO,ALPHAGEO.NS,SEAMECLTD.NS,OILCOUNTUB.NS,UNIDT.NS,RVTH.NS,COCHMAL.BO,GARWAOFFS.BO,GLOBALVECT.NS"
9,Catalog/Specialty Distribution,Retail Trade,65,48,74,60,ETHOSLTD.NS
10,Telecommunications Equipment,Electronic Technology,64,54,54,66,"HFCL.NS,ASTRAMICRO.NS,SMARTLINK.NS,ADCINDIA.BO,VALIANT.BO,ROSSTECH.NS,DCI.NS,PUNJCOMMU.BO,TEJASNET.NS,ONIDA.NS,PRECISIO.BO,KAVDEFENCE.NS,DLINKINDIA.NS,AVANTEL.NS,BPL.NS,SALORAINTL.BO"
11,Computer Peripherals,Electronic Technology,63,71,64,61,"PANACHE.NS,NETWEB.NS,WEPSOLN.BO,INDTONER.BO,CONTROLPR.NS"
12,Electronic Production Equipment,Electronic Technology,63,45,68,67,"CYIENTDLM.NS,AVALON.NS,SYRMA.NS,DATAPATTNS.NS,APOLLO.NS,NELCO.NS,DIXON.NS,PGEL.NS,KAYNES.NS,SELECTRIC.BO,ELIN.NS"
13,Pharmaceuticals: Generic,Health Technology,63,64,44,59,"ZIMLAB.NS,JAGSNPHARM.NS,NUTRICIRCLE.BO,ZENLABS.BO,DENISCHEM.BO"
14,Pharmaceuticals: Major,Health Technology,61,58,58,61,"VINRKLB.BO,PARMAX.BO,BLISSGVS.NS,INDSWFTLAB.NS,MOREPENLAB.NS,SHILPAMED.NS,BAFNAPH.NS,VENUSREM.NS,SAKAR.NS,NOVARTIND.NS,SUVEN.NS,VIKRAMTH.BO,SENORES.NS,LAURUSLABS.NS,MARKSANS.NS,AMANTA.NS,VALIANTLAB.NS,COLINZ.BO,GLAND.NS,ACUTAAS.NS,BETA.NS,NGLFINE.NS,KOPRAN.NS,NEULANDLAB.NS,INNOVACAP.NS,ASTONEALAB.BO,ALIVUS.NS,SIGACHI.NS,DIVISLAB.NS,CAPLIPOINT.NS,UNICHEMLAB.NS,WOCKPHARMA.NS,WINDLAS.NS,SGRL.NS,HESTERBIO.NS,SMRUTHIORG.BO,HEXAGON.NS,CORONA.NS,SHAMROIN.BO,IPCALAB.NS,AMBALALSA.NS,ORCHPHARMA.NS,SUDARSHAN.BO,NOVELIX.BO,RPGLIFE.NS,AAREYDRUGS.NS,PHRMASI.BO,GUFICBIO.NS,EMCURE.NS,SHUKRAPHAR.NS,PPLPHARMA.NS,SPARC.NS,AJANTPHARM.NS,ANG.BO,VIYASH.NS,AARTIPHARM.NS,GLAXO.NS,THEMISMED.NS,BPLPHARMA.NS,SMSPHARMA.NS,ALEMBICLTD.NS,MAKERSL.NS,TORNTPHARM.NS,ALBERTDAVD.NS,SUNLOC.NS,INDOCO.NS,INDGN.NS,GLENMARK.NS,BLUEJET.NS,GODAVARI.BO,SOLARA.NS,SAIPARENT.NS,TTKHLTCARE.NS,STAR.NS,PANJON.BO,SUPRIYA.NS,ZYDUSLIFE.NS,GUJTHEM.NS,PARNAXLAB.NS,BRAWN.BO,CONCORD.BO,HAMPS.BO,AARTIDRUGS.NS,SUNPHARMA.NS,HIKAL.NS,TLL.BO,BALPHARMA.NS,LINCOLN.NS,SANJIVIN.BO,GUJTERC.BO,PRAVEG.NS,MEDICAPQ.NS,ROOPAIND.BO,KILITCH.NS,FREDUN.NS,APLLTD.NS,ANUHPHR.NS,COHANCE.NS,AUROLAB.BO,ANURAS.NS,BIOCON.NS,MANKIND.NS,JENBURPH.NS,LACTOSE.BO,OXYGENTAPH.BO,PGHL.NS,ZENOTECH.BO,PFIZER.NS,ALKEM.NS,JUBLPHARMA.NS,WANBURY.NS,BAJAJHCARE.NS,VRL.BO,MANGALAM.NS,ABBOTINDIA.NS,MEDICAMEQ.NS,MERCURYLAB.BO,KPL.NS,SHELTER.BO,KIMIABL.BO,ONESOURCE.NS,MEDICO.NS,NATCOPHARM.NS,DRREDDY.NS,BIOFILCHEM.NS,ERIS.NS,SANOFICONR.NS,ZOTA.NS,TYCHE.BO,PANACEABIO.NS,KREBSBIO.NS,DCAL.NS,PHARMAID.BO,FDC.NS,BROOKS.NS,ALPA.NS,SANOFI.NS,PANCHSHEEL.BO,ASTRAZEN.NS,STARSOURCE.BO,SYSCHEM.BO"
15,Electronics/Appliance Stores,Retail Trade,60,61,61,58,"EMIL.NS,ROBU.BO,BHATIA.BO,AVL.NS,MTL.BO,UML.BO,LOGICA.BO"
16,Auto Parts: Oem,Producer Manufacturing,60,48,60,55,"HARCR.BO,SANSERA.NS,DIVGIITTS.NS,KALYANIFRG.NS,WHEELS.NS,UNIPARTS.NS,SSWL.NS,SEDEMAC.NS,GNA.NS,SHRIPISTON.NS,AMS.BO,RML.NS,SONACOMS.NS,EMMFORCE.BO,VARROC.NS,PRICOLLTD.NS,ASKAUTOLTD.NS,SUNDRMFAST.NS,RACLGEAR.NS,NRBBEARING.NS,INDNIPPON.NS,UCAL.NS,OMAXAUTO.NS,SJS.NS,SHANTIGEAR.NS,LUMAXTECH.NS,HIMTEK.BO,MOTHERSON.NS,GABRIEL.NS,MUNJALAU.NS,SMAUTO.BO,BELRISE.NS,BOSCHLTD.NS,AFLTD.BO,PPAP.NS,MINDACORP.NS,SKFINDUS.NS,BIMETAL.NS,LUMAXIND.NS,RANEHOLDIN.NS,BHARATSE.NS,AUTOIND.NS,KROSS.NS,EXIDEIND.NS,RICOAUTO.NS,GSAUTO.BO,SNL.BO,MENNPIS.NS,IGARASHI.NS,UNOMINDA.NS,CARRARO.NS,ZFCVINDIA.NS,CUMMINSIND.NS,SUNDRMBRAK.NS,SUPRAJIT.NS,ACGL.NS,JAGANLAM.BO,JBMA.NS,JMA.NS,ARISINT.BO,SHARDAMOTR.NS,JAMNAAUTO.NS,ISTLTD.NS,JAYUSH.BO,REMSONSIND.NS,PORWAL.BO,MUNJALSHOW.NS,TVSHLTD.NS,ASAL.NS,SALAUTO.BO,MACPLASQ.BO,TENNIND.NS,SUNCLAY.NS,LAPL.BO,ENKEIWHEL.NS,AUTOAXLES.NS,SAMKRG.BO,SWARAJENG.NS,FIEMIND.NS,ESCORTS.NS,ALICON.NS,HITECHGEAR.NS,HINDCOMPOS.NS,SINTERCOM.NS,KINETICENG.BO,CIEINDIA.NS,MSUMI.NS,ZFSTEERING.NS,NDRAUTO.NS,RASANDIK.BO,PRECAM.NS,KRANTI.BO"
17,Metal Fabrication,Producer Manufacturing,58,57,56,57,"MODMA.BO,SWASTIKAAL.BO,MENONBE.NS,OMNI.NS,GTIL.BO,HAPPYFORGE.NS,KENNAMET.NS,GALAGEX.BO,SIMMOND.BO,SATANIBRG.BO,MILLWORKS.BO,MMFL.NS,AZAD.NS,NATFIT.BO,GALXBRG.BO,SHIVAUM.NS,SYSTEMATIC.BO,CARNATIN.BO,MAGNAELQ.BO,PTCIL.NS,AMIC.BO,UNIABEXAL.BO,TIIL.NS,ROLEXRINGS.NS,JYOTICNC.NS,PPEL.BO,GALAPREC.NS,RKFORGE.NS,SKIPPER.NS,RAJRATAN.NS,BHARATFORG.NS,CTCL.BO,SHYAMMETL.NS,COSMOFE.BO,HARSHA.NS,USHAMART.NS,AANCHALISP.BO,AUSTENG.NS,SIMPLEXCAS.BO,ENDURANCE.NS,NARMADESH.BO,NIBL.NS,INVPRECQ.NS,BELDING.BO,FRONTSP.NS,KVFORGE.BO,SHREMETAL.BO,TEMBO.NS,SCHAEFFLER.NS,BHARATWIRE.NS,ALPHAIND.BO,CENTEXT.NS,CMRGREEN.NS,PRADPME.NS,STERTOOLS.NS,AEL.BO,KASTURI.BO,RELICAB.BO,DELTAMAGNT.NS,STAL.BO,SHIVAGR.BO,DPWIRES.NS,ASGARD.BO,BOMBWIR.BO,VISHALBL.BO,SKFINDIA.NS,KARBON.BO,ROLCOEN.BO,ADVANCETL.BO,KPGEL.BO,AUTOPINS.BO"
18,Internet Retail,Retail Trade,58,64,57,60,"MSTCLTD.NS,NYKAA.NS,MANYAVAR.NS,HEALTHX.NS,ISFT.NS,INDIAMART.NS"
19,Other Consumer Specialties,Consumer Durables,58,58,54,53,"TBZ.NS,SJCORP.BO,AJCJEWEL.BO,SKYGOLD.NS,TIMEX.NS,RBZJEWEL.NS,RAMBHAJO.NS,KDDL.NS,THANGAMAYL.NS,GOLKUNDIA.BO,RGL.NS,PNGSREVA.NS,SONAMLTD.NS,SHOORA.BO,TITAN.NS,KOURA.BO,RADHIKAJWE.NS,SHANTIGOLD.NS,PJL.BO,GOLDIAM.NS,RETAGGIO.BO,SOVERDIA.BO,GKL.BO,SENCO.NS,SHRINGARMS.NS,BANARBEADS.NS,SHANKESH.NS,EIGHTY.BO,SWARNSAR.NS,UDAYJEW.NS,VAIBHAVGBL.NS,SILGO.NS,SMR.BO,VIPIND.NS,YAASHVI.BO,SAFARI.NS,VARYAA.BO,SKRABUL.BO,LUXURY.BO,RAJESHEXPO.NS,LGHL.NS,EY.BO"
20,Medical Distributors,Distribution Services,58,61,61,64,"APPL.BO,ARVAYA.BO,QMSMEDI.NS,ENTERO.NS,RAMAVISION.BO,NEXUSSURGL.BO,APL.BO,CBPL.BO,SPML.BO,BALAXI.NS,EVERESTO.BO,GLPL.BO,CENTUPLE.BO,ROYAL.BO"
21,Electronics/Appliances,Consumer Durables,58,55,61,54,"SHARP.BO,CPPLUS.NS,UNIVPHOTO.NS,JAIPAN.BO,APIL.BO,KHAITANLTD.NS,STOVEKRAFT.NS,SINGERIND.NS,LGEINDIA.NS,IFBIND.NS,ORIENTELEC.NS,BUTTERFLY.NS,WHIRLPOOL.NS,INFLAME.BO,BAJAJELEC.NS,GORANIN.BO"
22,Aerospace & Defense,Electronic Technology,57,43,45,62,"MTARTECH.NS,PARAS.NS,AEQUS.NS,IDEAFORGE.NS,HAL.NS,ROSSELLIND.NS,KRISHNADEF.NS,BEL.NS,SIKA.NS,BDL.NS,TANAA.NS,DRONACHRYA.BO"
23,Pharmaceuticals: Other,Health Technology,57,56,57,61,"TRANSCHEM.BO,VEERHEALTH.BO,SUDEEPPHRM.NS,BDH.BO,GRANULES.NS,AUROPHARMA.NS,NATCAPSUQ.NS,CHEMKART.BO,CORALAB.BO,CRSTCHM.BO,LYKALABS.NS,BERLDRG.BO,ISHITADR.BO,LUPIN.NS,CIPLA.NS,SANDUPHQ.BO,EMMESSA.BO,SOURCENTRL.BO,AMRUTANJAN.NS,KERALAYUR.BO"
24,Publishing: Books/Magazines,Consumer Services,57,50,60,61,"MPSLTD.NS,DACHEPALLI.BO,SCHAND.NS"
25,Industrial Specialties,Process Industries,57,53,52,62,"KELENRG.BO,BODALCHEM.NS,JUJHARLOGI.BO,BEEZAASAN.BO,GANDHAR.NS,FCL.NS,PANAMAPET.NS,SHALPAINTS.NS,RAIN.NS,SOLARINDS.NS,BEPL.NS,VISAKAIND.NS,ELANTAS.NS,GOCLCORP.NS,TINNARUBR.NS,HSCL.NS,CFL.BO,XPROINDIA.NS,GRAPHITE.NS,CARBORUNIV.NS,DICIND.NS,VIPULORG.BO,DUROPACK.BO,ASSOCIATED.BO,HARDCAS.BO,GRINDWELL.NS,INDIGOPNTS.NS,KOTYARK.NS,SPLPETRO.NS,DYNAMIND.BO,PIDILITIND.NS,YUG.BO,INDOKEM.NS,SEJALLTD.NS,AVIVA.BO,PCBL.NS,AXELPOLY.BO,PODDARMENT.NS,SFL.NS,JYOTIRES.NS,JSWDULUX.NS,BRIGHTBR.NS,VINYOFL.BO,SIRCA.NS,RUBFILA.NS,NIKHILAD.BO,ASIANPAINT.NS,GOACARBON.NS,HINDADH.NS,BERGEPAINT.NS,BORORENEW.NS,KAMAHOLD.NS,ESTER.NS,WAAREE.BO,DHINDIA.BO,SRF.NS,MHLXMIRU.NS,KANSAINER.NS,BEARDSELL.NS,GAGAN.BO,MULTIBASE.BO,GMPL.BO,INNOVATORS.BO,RETINA.BO"
26,Regional Banks,Finance,57,46,57,51,"TMB.NS,MUNOTHFI.BO,ESAFSFB.NS,KTKBANK.NS,DCBBANK.NS,KARURVYSYA.NS,CUB.NS,UJJIVANSFB.NS,J&KBANK.NS,JSFB.NS,IDFCFIRSTB.NS,AUBANK.NS,EQUITASBNK.NS,ICICIBANK.NS,SBIN.NS,SURYODAY.NS,CAPITALSFB.NS,JAGSONSER.BO,UCOBANK.NS,EMERALD.BO,DAMCAPITAL.NS,MONEYBOXX.NS,FINOPB.NS,CMBL.BO"
27,Chemicals: Specialty,Process Industries,56,54,59,60,"SANGINITA.NS,SHENTRA.BO,RSCINT.BO,SHHARICH.BO,CHEMIESYNT.BO,IOLCP.NS,AKSHARCHEM.NS,KANORICHEM.NS,CITURGIA.BO,INDOBORAX.NS,PAR.NS,BALAMINES.NS,SOTL.NS,OAL.NS,RITESHIN.BO,GRWRHITECH.NS,BHAGERIA.NS,TANFACIND.BO,DEVSON.BO,RESONANCE.BO,APCOTEXIND.NS,NEOGEN.NS,OCCLLTD.NS,JGCHEM.NS,SIGIND.NS,TNPETRO.NS,ASAHISONG.NS,TATVA.NS,NAVINFLUOR.NS,MANALIPETC.NS,IGPL.NS,SHREEPUSHK.NS,ARCHITORG.BO,KRONOX.NS,POLYPLEX.NS,FLUOROCHEM.NS,TRANSPEK.NS,VISHNU.NS,SHAILY.NS,GANESHBE.NS,IVP.NS,KINGFA.NS,GUJALKALI.NS,CENTENKA.NS,SUDARSCHEM.NS,VIKRAMAR.BO,ANDHRSUGAR.NS,NPL.BO,GNFC.NS,KIRIINDUS.NS,MOL.NS,VALIANTORG.NS,20MICRONS.NS,ALKYLAMINE.NS,DAICHI.NS,PREMEXPLN.NS,POLYLINK.BO,RISHIROOP.BO,ELLEN.NS,LXCHEM.NS,KANCHI.NS,VINEETLAB.NS,NOCIL.NS,ULTRAMAR.NS,HOCL.BO,TUTIALKA.NS,TPLPLASTEH.NS,DHUNINV.NS,SAYAJIIND.NS,KOTHARIPET.NS,DEEPAKNTR.NS,FAIRCHEMOR.NS,SRHHYPOLTD.NS,TGVSL.NS,BASF.NS,MANORG.NS,JOCIL.NS,ARVEE.NS,VITAL.NS,LORDSCHLO.NS,CHEMCON.NS,SHK.NS,AMAL.NS,POLSON.BO,NAPEROL.BO,CLEAN.NS,SAMRATPH.BO,LINDEINDIA.NS,ARCL.NS,GOTHIPL.BO,HPIL.NS,NATPLASTI.BO,COROMANDEL.NS,STYRENIX.NS,DEEP.NS,TULASEEBIOE.BO,GUJPETR.BO,TRUALT.NS,PRIMO.NS,AMNPLST.NS,VINATIORGA.NS,TCMLMTD.BO,CHAMBLFERT.NS,ANDHRAPET.BO,FISCHER.NS,POEL.NS,DCW.NS,LINKPH.BO,EIKO.BO,DHANUKA.NS,ROSSARI.NS,LAFFANSQ.BO,DAIKAFFI.BO,ALKALI.NS,PNTKYOR.BO,YASHCHEM.BO,CHEMFAB.NS,AGARIND.NS,SHLOKKA.BO,HILLTONE.BO,TIRUMALCHM.NS,PIIND.NS,MEHUL.BO,GRAUWEIL.NS,AEONXDIGI.BO,NOL.BO,CAMLINFINE.NS,ZR2.BO,BCCL.BO,INDIAGLYCO.NS"
28,Marine Shipping,Transportation,56,58,50,58,"PPARIVAH.BO,DREDGECORP.NS,GESHIP.NS,CHOWGULSTM.BO,SMARITIME.BO,ATL.NS,GLOTTIS.NS,GPPL.NS,TRANSWORLD.NS,COASTCORP.NS"
29,Restaurants,Consumer Services,56,50,66,57,"UFBL.NS,RBA.NS,SPECIALITY.NS,DEVYANI.NS,SAPPHIRE.NS,TRAVELFOOD.NS,WESTLIFE.NS,JUBLFOOD.NS,COFFEEDAY.NS,KAMATS.BO"
30,Electronic Components,Electronic Technology,55,46,58,50,"UNIVCABLES.NS,BCCFUBA.BO,ELPROINTL.NS,HEG.NS,CENTUM.NS,MRTX.BO,INCAP.BO,GUJARATPOLY.BO,FINELINE.BO,NWIL.BO,MEIL.NS,PANELEC.BO"
31,Electrical Products,Producer Manufacturing,55,49,49,57,"INDOSMC.BO,KSHINTL.NS,BHAGYANGR.NS,HIIL.BO,BIRLACABLE.NS,MODINSU.BO,DIACABS.NS,INDOTECH.NS,COSPOWER.BO,SUSAN.BO,TDPOWERSYS.NS,YASHHV.BO,PRECWIRE.NS,ATLANTAELE.NS,CORDSCABLE.NS,KIRLOSENG.NS,QPOWER.NS,RISHABH.NS,RAMRAT.NS,SWITCHTE.BO,RNITAI.BO,RRKABEL.NS,DYCL.NS,BHEL.NS,EXICOM.NS,PARACABLES.NS,HIRECT.NS,PLAZACABLE.NS,DHOOTTRANS.NS,FINCABLES.NS,SCHNEIDER.NS,IKIO.NS,VOLTAMP.NS,ADVAIT.NS,KECL.NS,ABB.NS,POWERICA.NS,QUADFUTURE.NS,CLN.BO,ACCORDTS.BO,GVT&D.NS,SIEMENS.NS,JDCABLES.BO,CGPOWER.NS,DLTNCBL.BO,LASERPOWER.NS,ESABINDIA.NS,HIGHENE.BO,INTEGSW.BO,LGBBROSLTD.NS,VGUARD.NS,SHILCTECH.NS,MARSONS.NS,KEI.NS,VETO.NS,LAKSELEC.BO,CYBELEIND.BO,POLYCAB.NS,ARE&M.NS,S&SPOWER.NS,ENRIN.NS,TARIL.NS,JYOTI.BO,EVEREADY.NS,BONLON.NS,RTSPOWR.NS,JIGAR.BO,NDMETAL.BO,SWELECTES.NS,PANCARBON.BO,HBLENGINE.NS,EPIC.BO,KAYCEEI.BO,SUZLON.NS,NIPPOBATRY.NS,PROSTARM.NS,HAVELLS.NS,HONDAPOWER.NS,ELECON.NS,PANAENERG.BO,SERVOTECH.NS,DCXINDIA.NS,WSI.NS,BBL.NS,STDBAT.BO,SALZERELEC.NS,CALCOM.BO,STARDELTA.BO,CLENON.BO,JSLINDL.BO,FOCUS.NS,URAVIDEF.NS,INOXWIND.NS,ALFATRAN.BO,RMC.NS,DEL.BO"
32,Specialty Stores,Retail Trade,55,51,57,55,"DUKEOFS.BO,CONFIPET.NS,BLUESTONE.NS,RECODE.BO,KALYANKJIL.NS,HONASA.NS,DPABHUSHAN.NS,LALITHAA.NS,VMART.NS,LANDMARK.NS,MVGJL.NS,PNGJL.NS,COMPEAU.NS,PANORAMA.NS,ALANSCOTT.BO,WAKEFIT.NS,AUGMONT.NS,PVSL.NS,KDML.BO,DMART.NS,RAL.BO,AAYUSH.BO,GARGI.BO,MANOJJEWEL.BO"
33,Internet Software/Services,Technology Services,55,57,65,58,"BLSE.NS,CARTRADE.NS,EQUIPPP.NS,INFONATIVE.BO,TBOTEK.NS,MOTILALOFS.NS,ETERNAL.NS,MATRIMONY.NS,NAUKRI.NS,ABSLAMC.NS,POLICYBZR.NS,JUSTDIAL.NS,CRISIL.NS,ODIGMA.NS,IXIGO.NS,TRACXN.NS,JARO.NS,SAFE.BO,CRIZAC.NS"
34,Containers/Packaging,Process Industries,54,57,58,54,"COMSYN.NS,BAIKAKAJI.BO,HPBL.BO,QUANTDIA.BO,GLEN.BO,JAUSPOL.BO,ARROWGREEN.NS,TARSONS.NS,UFLEX.NS,JUMBO.BO,TIRTPLS.BO,HUHTAMAKI.NS,CAPRIHANS.BO,NRAIL.NS,RPPL.NS,COSMOFIRST.NS,HALDYNGL.NS,ORIENTLTD.NS,EPL.NS,WORTHPERI.NS,BBTCL.NS,AGI.NS,PGFOILQ.BO,TAINWALCHM.NS,KAIRA.BO,BAPACK.BO,JINDALPOLY.NS,RDBRL.BO,ARROWHEAD.BO,KNACK.NS,HINDTIN.BO,TIMETECHNO.NS,BOROSCI.NS,EMMBI.NS,SHETR.BO,PERFEPA.BO,AERONEU.NS,RISHITECH.BO,POLYSPIN.NS,GUJCONT.BO,BI.NS,RAJPACK.BO,ECOPLAST.BO,SHREERAMA.NS,CLARA.BO,GUJCRAFT.BO,SPL.BO,EASTINDIA.BO,TRANSFRE.BO,SIEL.NS,JAICORPLTD.NS,VINAYAKPOL.BO,BALAJEE.NS,DECPO.BO"
35,Hospital/Nursing Management,Health Services,54,47,47,53,"KOVAI.NS,GKSL.NS,HANNAH.BO,PARKHOSPS.NS,ARTEMISMED.NS,YATHARTH.NS,MEDANTA.NS,ASTERDM.NS,GPTHEALTH.NS,ASARFI.BO,APOLLOHOSP.NS,HCG.NS,MANIPALHOS.NS,SHANMUGA.BO,RAINBOW.NS,AASHKA.BO,KKSHL.BO,JLHL.NS,KIMS.NS,NH.NS,KMCSHIL.NS,FORTIS.NS,CMMHOSP.BO,MAXHEALTH.NS,NGIND.BO,SHALBY.NS,INDRAMEDCO.NS,SHARMEH.BO,FORTISMLR.BO"
36,Real Estate Investment Trusts,Finance,54,54,44,43,"FUNDVISER.BO,MINDSPACE.BO,NXST.BO,BIRET.BO,EMBASSY.BO,BAGMANE.BO,PSCELESTIA.BO,KRT.BO,ANNAINFRA.BO"
37,Commercial Printing/Forms,Commercial Services,53,52,53,52,"SMEL.BO,INLANPR.BO,TCPLPACK.NS,KIRANPR.BO,DJML.NS,DGCONTENT.NS,REPRO.NS"
38,Electronics Distributors,Distribution Services,52,46,48,55,"RPTECH.NS,CNL.NS,PANIDPR.BO,REDINGTON.NS,PALREDTEC.NS,OPTIEMUS.NS,LABELKRAFT.BO,SOUTHERNIN.BO,COLAB.BO,PRIYALT.BO,BRISK.BO,ACCEDERE.BO,SHRAAITECH.BO,MISQUITA.BO"
39,Motor Vehicles,Consumer Durables,52,36,52,45,"ZELIO.BO,ATHERENERG.NS,SMLMAH.NS,TMCV.NS,TVSMOTOR.NS,SANDHAR.NS,EICHERMOT.NS,HYUNDAI.NS,ATULAUTO.NS,OLECTRA.NS,HEROMOTOCO.NS,M&M.NS,OLAELEC.NS,ATLASCYCLE.NS,FORCEMOT.NS,MARUTI.NS,SEVL.BO,TMPV.NS"
40,Integrated Oil,Energy Minerals,52,63,56,49,"ANTELOPUS.NS,IRMENERGY.NS,HINDOILEXP.NS,GNRL.NS,SHRAJOI.BO,IOC.NS"
41,Food: Major Diversified,Consumer Non-Durables,52,51,45,45,"ANSINDUS.BO,APIS.BO,LYKISLTD.BO,CHORDIA.BO,ZYDUSWELL.NS,SANSTAR.NS,DVL.NS,IBINFO.BO,SSMD.BO,NESTLEIND.NS,GILLANDERS.NS,BCLIND.NS,GROBTEA.NS,BENGALT.BO,NEAGI.NS,TERAI.NS,TIGLOB.BO,AVEER.BO,UNIQUEO.BO,BBTC.NS,JAMESWARREN.BO,SVJ.BO"
42,Cable/Satellite Tv,Consumer Services,52,51,40,50,"NDLVENTURE.NS,DEN.NS"
43,Home Improvement Chains,Retail Trade,52,40,74,65,"SHANKARA.NS,MCPL.BO"
44,Medical/Nursing Services,Health Services,51,41,45,54,"VIJAYA.NS,GAUDIUMIVF.NS,ZDHJERK.BO,THYROCARE.NS,NEPHROPLUS.NS,ASPIRA.BO,JSTL.BO,LALPATHLAB.NS,SURAKSHA.NS,METROPOLIS.NS,AGARWALEYE.NS,DRAGARWQ.NS,SML.BO,STARIMAGIN.BO,LOTUSEYE.NS,KRSNAA.NS,MAXIND.NS,LAXMIDENTL.NS,CTLLAB.BO,JSLL.NS,MDRC.BO"
45,Steel,Non-Energy Minerals,51,53,49,52,"STEELCO.BO,SALSTEEL.NS,RATNAVEER.NS,INDIAHOMES.BO,MAHASTEEL.NS,MANAKSTEEL.NS,VISL.NS,NCML.BO,REMIEDEL.BO,JINDALSAW.NS,SHAHALLOYS.NS,RSL.NS,NEETUYOSHI.BO,KAMDHENU.NS,MWL.NS,BGWTATO.BO,KVSCASTING.BO,VSSL.NS,JTLIND.NS,STEELCAS.NS,LLOYDSME.NS,MAIDEN.BO,VENUSPIPES.NS,SAIL.NS,COCKERILL.NS,WELSPLSOL.NS,APLAPOLLO.NS,SAMBHV.NS,CREATIVE.BO,SUNFLAG.NS,KSL.NS,JAYNECOIND.NS,COSMICCRF.BO,GOODLUCK.NS,GARGFUR.BO,SUPERSHAKT.BO,ELECTHERM.NS,KIRLOSIND.NS,MAHSEAMLES.NS,SSWRL.BO,SGIL.NS,GEEKAYWIRE.NS,ELECTCAST.NS,RATNAMANI.NS,JSWSTEEL.NS,BMW.BO,TNSTLTU.BO,GANDHITUBE.NS,NATGENI.BO,GUJINTRX.BO,JINDALSTEL.NS,SURAJ.BO,NSLNISP.NS,KIRLFER.NS,PANCHMAHQ.NS,BANSALWIRE.NS,MANAKSIA.NS,KAJARIR.BO,JSL.NS,ORISSAMINE.NS,TATASTEEL.NS,KIOCL.NS,RATHIST.BO,MUKANDLTD.NS,MANAKCOAT.NS,MSPL.NS,HISARMETAL.NS,RISHDIGA.BO,TALBROSENG.BO,JAIBALAJI.NS,RUDRA.NS,AZADIND.NS,BEEKAY.NS,PENIND.NS,GALLANTT.NS,SCODATUBES.NS,VRAJ.NS,BEDMUTHA.NS,SARDAEN.NS,SUPERIRON.BO,SCANSTL.NS,GPIL.NS,ASHSI.BO,VSTL.NS,VRUDDHI.BO,VISACHROME.NS,TIINDIA.NS,TULSYAN.BO,SHBAJRG.NS,BLEL.NS,NELCAST.NS,PRAKASH.NS,INCREDIBLE.NS,UNIAUTO.BO,HARIOMPIPE.NS,VMSTMT.NS,METALCO.BO,BLOIN.BO,SURYAROSNI.NS,HITECH.NS,KANSHST.BO,MPKSTEELS.BO,SMLT.NS,MSCTC.BO,VASWANI.NS,SURAJLTD.NS,SHRDAIS.BO,UMIYA.BO,CHENFERRO.BO,NITINCAST.BO,MITTALSTL.BO,ANUBHAV.BO,IMEC.BO,CRIMSON.BO"
46,Other Metals/Minerals,Non-Energy Minerals,51,51,47,48,"JTLDEFENCE.BO,RAPICUT.BO,PARMESHWAR.BO,SBCL.NS,NRL.NS,MMP.NS,SERA.BO,VIDYAWIRES.NS,HINDCOPPER.NS,COCHINM.BO,SHARVAYA.BO,MANAKALUCO.NS,HINDZINC.NS,HINDALCO.NS,MIDHANI.NS,MAITHANALL.NS,MCL.NS,IMFA.NS,NMDC.NS,GRAVITA.NS,SANDUMA.NS,POCL.NS,ZODJRDMKJ.BO,CHROME.BO,NILE.NS,INDSILHYD.BO,KACHCHH.BO,SAGARDEEP.NS,ASHAPURMIN.NS,SOUTHMG.BO,CUBEXTUB.NS,ARDEE.NS,MOIL.NS,SCBL.BO,JAINREC.NS,SIYARAM.BO,MONIND.BO,KRUPALU.BO"
47,Homebuilding,Consumer Durables,51,48,47,48,"EMROCK.BO,BRRL.BO,BGDL.BO,ANANTRAJ.NS,ATALREAL.NS,SIMPLXREA.NS,EASTBUILD.BO,AIRLTD.BO,ALPINEHOU.BO,PARSHWANA.BO,ANSALBU.NS,PRAENG.NS,GANESHHOU.NS,ARKADE.NS,NCC.NS,ARTNIRMAN.NS,THAKDEV.NS,PRERINFRA.BO,SHRISTI.BO,MAPROIN.BO,COROENGG.BO,RVHL.NS,NACDAC.BO"
48,Chemicals: Major Diversified,Process Industries,51,46,58,53,"SKM.BO,RPEL.NS,AETHER.NS,PAUSHAKLTD.NS,CHEMBONDCH.NS,AARTISURF.NS,PATELCHEM.BO,FOSECOIND.NS,AARTIIND.NS,PRIVISCL.NS,DMCC.NS,PLASTIBLEN.NS,FINEORG.NS,AMBICAAGAR.NS,CHEMBOND.NS,JUBLINGREA.NS,INDGELA.BO,SHIVAAGRO.NS,PLATIND.NS,INDOAMIN.NS,DDEVPLSTIK.NS,SUDARCOLOR.NS,CHEMCRUX.NS,POLYCHEM.BO,TECHNICHEM.BO,DIAMINESQ.NS,HARLETH.BO,SUNSHIEL.NS,ACI.NS,GEMAROMA.NS,VAHH.BO,DSFCL.NS,DEEPAKCHEM.BO,RESGEN.BO,CHEMPLASTS.NS"
49,Forest Products,Non-Energy Minerals,51,43,50,47,"MEGAMONT.BO,PREMIERPOL.NS,STYLAMIND.NS,ECOBOAR.BO,WIPL.NS,GREENLAM.NS,BIRLANU.NS,AIROLAM.NS,RESPONIND.NS,GREENPANEL.NS,DUROPLY.BO"
50,Food: Specialty/Candy,Consumer Non-Durables,51,53,46,48,"SHAHFOOD.BO,JAYKAILASH.BO,YASHO.NS,OVOBELE.BO,MAWANASUG.NS,NITTAGELA.NS,VADILALIND.NS,MANORAMA.NS,CJGEL.BO,PAJSON.BO,AVTNPL.NS,CRAZY.BO,NGIL.NS,GAEL.NS,TASTYBITE.NS,UNIVSTAR.BO,EIFFL.NS,HNDFDS.NS,SHAWGELTIN.BO,ADFFOODS.NS,MNFL.BO,VASUPRADA.NS,VANDU.BO,BECTORFOOD.NS,DIAMONDYD.NS,VIDHIING.NS,GULPOLY.NS,MLKFOOD.NS,NORBTEAEXP.NS,CCL.NS,BAMBINO.BO,FLEXFO.BO,LOTUSCHO.NS,TRANSFD.BO,IWP.NS,VADILENT.NS,KFBL.BO,RAVALSUGAR.BO,ORKLAINDIA.NS,AJANTSOY.BO,SUKHJITS.NS,MCLEODRUSS.NS,GPAPL.BO,BRITANNIA.NS,FOODSIN.NS,UNITEDTEA.NS,TATACONSUM.NS,GANGESSECU.NS,NAPL.BO,PALASHSECU.NS,DYNPRO.NS,TIRUSTA.BO,ADVENZYMES.NS,OCEANIC.BO,GOPAL.NS,BIKAJI.NS,SHRIGANG.BO,ANNAPURNA.NS,SONALIS.BO,VANDAN.BO,QTFOODS.BO,ABRFL.BO"
51,Medical Specialties,Health Technology,51,55,52,48,"SETL.NS,CHOKSI.BO,LENSKART.NS,NURECA.NS,VOEPL.NS,RAAJMEDI.BO,HSIL.BO,MOLBIO.NS,POLYMED.NS,NOVATEOR.BO,CSURGSU.BO,SDL.BO,SHREEPAC.BO,AMKAY.BO,PREVEST.BO,EARKART.BO,MICEL.NS,GKB.NS,TRANSPACT.BO"
52,Alternative Power Generation,Utilities,51,39,42,50,"SUGSLLOYD.BO,UEL.NS,CLEANMAX.NS,ADANIGREEN.NS,RELTD.NS,INOXGREEN.NS,JNPR.NS,POWERGRID.NS,NTPCGREEN.NS,WAAREERTL.NS,KPIGREEN.NS,KPEL.NS"
53,Electronic Equipment/Instruments,Electronic Technology,50,42,41,50,"DIGILOGIC.BO,NAGPI.BO,APARINDS.NS,SPECTRUM.NS,POWERINDIA.NS,NITIRAJ.NS,GENUSPOWER.NS,DENORA.NS,HONAUT.NS,CNCRD.BO,SHRADDHA.NS,JGTL.BO,TVSELECT.NS,TEMPSENS.NS,APLABPP.BO,APLAB.BO,HPL.NS,HINDHARD.BO,WAAREEINDO.NS,WEL.NS"
54,Miscellaneous,Miscellaneous,50,52,53,56,"INOVSYNTH.BO,ASHIKAG.NS,SCILAL.NS"
55,Major Banks,Finance,50,52,48,32,"RBLBANK.NS,FEDERALBNK.NS,MAHABANK.NS,SOUTHBANK.NS,UNIONBANK.NS,DHANBANK.NS,INDUSINDBK.NS,KOTAKBANK.NS,INDIANB.NS,PNB.NS,BANKINDIA.NS,IDBI.NS,AXISBANK.NS,YESBANK.NS,IOB.NS,CANBK.NS,BANDHANBNK.NS,CENTRALBK.NS,CSBBANK.NS,PSB.NS,BANKBARODA.NS,HDFCBANK.NS"
56,Oil Refining/Marketing,Energy Minerals,50,51,52,38,"GULFPETRO.NS,CHENNPETRO.NS,MRPL.NS,OIL.NS,GULFOILLUB.NS,CASTROLIND.NS,BPCL.NS,VEEDOL.NS,RELIANCE.NS,ONGC.NS,HINDPETRO.NS,CONTPTR.BO"
57,Multi-Line Insurance,Finance,50,54,55,46,"NIACL.NS,ABCAPITAL.NS,RELIGARE.NS,HDFCLIFE.NS,GODIGIT.NS"
58,Movies/Entertainment,Consumer Services,50,47,54,49,"IDREAM.BO,JOJO.BO,PFOCUS.NS,GFLLIMITED.NS,SAREGAMA.NS,IMAGICAA.NS,SUNSHINE.NS,PVRINOX.NS,SHEMAROO.NS,CINELINE.NS,TIPSMUSIC.NS,NICCOPAR.NS,WONDERLA.NS,POOJAENT.BO,BALAJITELE.NS,SSPRL.BO,AJWAFUN.BO,UFO.NS,TIPSFILMS.NS,DELTACORP.NS,GTTDATA.BO,AQYLON.NS,CPML.BO"
59,Miscellaneous Manufacturing,Producer Manufacturing,50,56,53,51,"SAMTELIN.BO,PANKAJPO.BO,RAMGOPOLY.BO,KKPLASTICK.BO,DIKSHA.BO,HITECHCORP.NS,AMEENJI.BO,ADOR.NS,NIRAJISPAT.NS,IIRM.BO,APOLLOPIPE.NS,MITSU.BO,IYKOTHITE.BO,SIZEMASTER.BO,FOSECOC.BO,INDAG.BO,AMDIND.NS,KANPRPLA.NS,ATHARVA.BO,KAKA.BO,PIXTRANS.NS,GARFIBRES.NS,ELGIRUBCO.NS,NARMP.BO,DHAVAL.BO,HAWKINCOOK.NS,AIKPIPES.BO,ALFAICA.BO,GRPLTD.NS,PPL.NS,POLYCON.BO,MOLDTKPAC.NS,SONALAD.BO,BOROLTD.NS,ALKOSIGN.BO,INTLCONV.NS,BDI.BO,ASTRAL.NS,FLUIDOM.BO,PYRAMID.NS,DHPIND.BO,GUJRAFFIA.NS,TEXMOPIPES.NS,ORICONENT.NS,DUTRON.BO,SUPREMEIND.NS,DALBHARAT.NS,DHABRIYA.NS,KUNSTOFF.BO,RHIM.NS,SAMPANN.NS,DEFRAIL.BO,VAMSHIRU.BO,CPL.NS,ASHISHPO.BO,FINPIPE.NS,MALPANI.BO,ALLTIME.NS,NATPLAS.BO,SOMICONVEY.NS,COMMAND.BO,TOKYOPLAST.NS,HORIZON.BO,KISAN.BO,PRIMAINNO.BO,KRITI.NS,APTPACK.BO,CCME.BO"
60,Textiles,Process Industries,49,46,47,49,"SHANTAI.BO,PARMSILK.BO,SPICEISLIN.BO,SURBHIN.BO,VTMLTD.NS,TEJASSVI.BO,TRUEGREEN.BO,JINDWORLD.NS,RAJPALAYAM.NS,SPORTKING.NS,AMARJOTHI.NS,GHCLTEXTIL.NS,RUBYMILLS.NS,SUPER.BO,INDORAMA.NS,JATTAINDUS.BO,AYMSYNTEX.NS,NITINSPIN.NS,VALSONQ.BO,FILATEX.NS,SWARAJ.NS,JASCH.BO,ICIL.NS,VICTMILL.BO,RAYMOND.NS,ARVIND.NS,APMIN.BO,PRECOT.NS,SHRIDINE.BO,JAYATMA.BO,MARIS.BO,UNITEDPOLY.NS,NAPSGLOBAL.BO,OSCARGLO.BO,RSWM.NS,NAHARSPING.NS,TACENT.BO,SANGAMIND.NS,BETXIND.BO,NAHARINDUS.NS,CLCIND.NS,UNITEDTE.BO,OMNITEX.BO,ORBTEXP.NS,UNIROYAL.BO,DCMNVL.NS,SANTETX.BO,MAYURUNIQ.NS,DEEPAKSP.BO,MANOMAY.NS,PASUPTAC.NS,MARALOVER.NS,BTTL.NS,LAMBODHARA.NS,ASHNOOR.BO,MODWOOL.BO,SUTLEJTEX.NS,MODTHREAD.NS,KONARKSY.BO,VTL.NS,ICL.BO,MKEXIM.NS,ARMAN.BO,KAMADGIRI.BO,ANJANI.BO,SHAHLON.BO,DCMSIL.NS,AMBIKCO.NS,BHILSPIN.BO,CAMEXLTD.BO,SLSTLQ.BO,LUDLOWJUT.BO,SHIVATEX.NS,DIGJAMLMTD.NS,NIBE.NS,EASTSILK.NS,PASUSPG.BO,GANECOS.NS,VIPPYSP.BO,SURYALA.NS,ADINATH.BO,SARLAPOLY.NS,LAKHOTIA.BO,CFEL.NS,CHEVIOT.NS,SURYALAXMI.NS,SIMPLXMIL.BO,SKYIND.BO,BORANA.NS,GINNIFILA.NS,PREMCO.NS,AREXMIS.BO,ACSTECH.NS,SIHORA.BO,GTNINDS.BO,SANATHAN.NS,SALONA.NS,SALGUTI.BO,PRABHHANS.BO,EVERFIN.BO,LAHOTIOV.NS,BHATEXT.BO,SURYAAMBA.BO,PBMPOLY.NS,FAZE3Q.NS,RAJRILTD.NS,DONEAR.NS,NUTECGLOB.BO,KANDAGIRI.BO,BARODARY.BO,GINISILK.BO,WINSOMTX.BO,SUNRAKSHAK.NS,ABREL.NS,VOITHPAPR.NS,PEETISEC.BO,PASHUPATI.NS,ZBINTXPP.BO,LOYALTEX.NS,NAHARPOLY.NS,BASML.NS,LAGNAM.NS,RUDRAECO.BO,BANSWRAS.NS,WIREFABR.BO,MOHITIND.NS,KATRSPG.BO,KUSUMGAR.NS,DAMODARIND.NS,TRIDENT.NS,BLUECHIPT.BO,SHIVAMILLS.NS,DHANFAB.BO,GLOSTERLTD.NS,ZENIFIB.BO,SBFL.BO,HPCOTTON.BO,NAGREEKEXP.NS,SELMC.NS,SUBSM.BO,SOMATEX.NS,LAKSHMIMIL.NS,SPARKLEGR.BO,HINDAPL.BO,MAFATIND.NS,SWADPOL.BO,SIYSIL.NS,SHRJAGP.NS,ADDIND.NS,SHUBHAM.BO,GHCL.NS,RIBATEX.BO,HARIKANTA.BO,RELCHEMQ.NS,PWASML.BO,BSL.NS,JAIHIND.BO,SHINEFASH.BO,HISARSP.BO,BOMDYEING.NS,SAMBANDAM.NS,GOKAKTEX.BO,SWADEIN.BO,JAYTEX.BO,ANIRITPP.BO,RAGHUSYN.BO,SRINACHA.BO,HINDMILL.BO,WEIZMANIND.NS,YORKEXP.BO,OLYMPTX.BO,KITEX.NS,HIMATSEIDE.NS,BINNYMILLS.BO,RACE.NS,KGPETRO.BO,OSIAJEE.BO,ANIRIT.BO,VGL.NS,YAJUR.BO,GARNETINT.BO,SRTL.NS,CANDOUR.BO,SKYBIOTECH.BO,PIOTEX.BO,SHANTIDENM.BO,RAJKSYN.BO,ALPINETEX.NS,AASTHA.NS,ARL.BO,AICHAMP.BO,MALA.BO,LEMERITE.NS,BHUDEVI.BO,TTFL.BO"
61,Pulp & Paper,Process Industries,49,50,50,44,"CELLA.BO,RGIL.BO,STHINPA.BO,RIDDHI.BO,EMAMIPAP.NS,PRABHATAM.BO,GANGAPA.BO,SUBAM.BO,SKPMIL.BO,JKPAPER.NS,GRATEXI.BO,TNPL.NS,RAMANEWS.NS,STARPAPER.NS,PDMJEPAPER.NS,SATIA.NS,SANPA.BO,SAPPL.NS,ANDHRAPAP.NS,SESHAPAPER.NS,KSSMART.BO,MALUPAPER.NS,DHANROTO.BO,RUCHIRA.NS,NATHIND.BO,KUANTUM.NS,ABRIL.BO,THREEMPAPE.BO,SHREYANIND.NS,PAKKA.NS"
62,Investment Trusts,Miscellaneous,49,58,45,41,"GROWW.NS,ALTIUSINVIT.BO,CITIUSINVT.BO,PSPLATINA.BO,PSTITANIA.BO,JINDCAP.BO,ENERGYINF.BO,SUMMITSEC.NS"
63,Life/Health Insurance,Finance,49,46,51,34,"CANHLIFE.NS,STARHEALTH.NS,BAJAJFINSV.NS,NIVABUPA.NS,LICI.NS,SBILIFE.NS,MFSL.NS,ICICIPRULI.NS"
64,Environmental Services,Industrial Services,49,29,53,60,"OML.BO,EIEL.NS,BANKA.NS,ORGANICREC.BO,ECORECO.NS,CEWATER.NS"
65,Agricultural Commodities/Milling,Process Industries,49,58,50,53,"APOLLOIN.BO,KANELIND.BO,INTEGFD.BO,DATIWARE.BO,SVRL.BO,AVADHSUGAR.NS,ELFIN.BO,TIMESGREEN.BO,RDGAIL.BO,ZKHANDEN.BO,SBECSUG.BO,TIERRA.BO,BALRAMCHIN.NS,DALMIASUG.NS,DBOL.NS,UGARSUGAR.NS,PONNIERODE.NS,SKMEGGPROD.NS,AEROPLANE.NS,GOODRICKE.BO,DHAMPURE.BO,DHAMPURSUG.NS,KCPSUGIND.NS,OSWALOR.BO,KOHINOOR.NS,UTTAMSUGAR.NS,SUPERBAK.BO,CIANAGRO.BO,VENKEYS.NS,MCFL.BO,MEGASTAR.NS,SIMRAN.BO,GOKULAGRO.NS,AMBARPIL.BO,JAYSREETEA.NS,MAGADSUGAR.NS,BAJAJHIND.NS,KRBL.NS,KANCOTEA.NS,KMSUGAR.NS,DIANATEA.BO,CLSEL.NS,GODREJIND.NS,LTFOODS.NS,KOTARISUG.NS,NATRAJPR.BO,DWARKESH.NS,REGAAL.NS,JAYAGROGN.NS,ACLD.BO,SURJIND.BO,GOLDCOINHF.BO,GODREJAGRO.NS,GOKUL.NS,PIONAGR.BO,SAKHTISUG.NS,SRDAPRT.BO,KRITINUT.NS,PICCADIL.NS,BANARISUG.NS,OCTAVIUSPL.BO,KRISHIVAL.NS,PKTEA.NS,RAJSREESUG.NS,ZUARIIND.NS,SHINDL.NS,DTIL.NS,HARRMALAYA.NS,KNAGRI.NS,BAJAJST.NS,TGIF.BO,WARRENTEA.BO,INDSUCR.BO,VIJSOLX.NS,MSL.NS,RENUKA.NS,TYROON.BO,NATHBIOGEN.NS,SUNDROP.NS,SUNILAGR.BO,POONADAL.BO,BNAGROCHEM.NS,MODINATUR.NS,VPL.BO,AWL.NS,PICCASUG.BO,ROML.NS,UNISEM.BO,GODAVARIB.NS,AVANTIFEED.NS,YASHHTEJ.BO,BLUECLOUDS.NS,BNALTD.NS,LAKESHORE.BO,NKIND.NS,KLRFM.BO,KSCL.NS,DHANWEL.BO,SULA.NS,JKAGRI.BO,DCMSRIND.NS,NAGTECH.BO,NEELKANTH.BO,GANESHCP.NS,HINDUST.BO,AGRITECH.NS,DHANLAXMI.NS,TRIVENI.NS,GRMOVER.NS,PATANJALI.NS,MANIVENI.BO,INDOUS.NS,PCL.BO,WATERBASE.NS,SPTRSHI.BO,KINGSINFR.BO,SOLVEX.BO,LELAVOIR.BO,KSE.NS"
66,Industrial Machinery,Producer Manufacturing,48,47,46,49,"LIPPISYS.BO,BATLIBOI.NS,WELCORP.NS,KABRAEXTRU.NS,AEROFLEX.NS,INCON.BO,MACPOWER.NS,DEEDEV.NS,SAPL.BO,ADMACH.BO,SHREEREF.BO,EMAINDIA.BO,MANINDS.NS,INOXINDIA.NS,GEE.BO,CHANDNIMACH.BO,FILTRON.BO,KRN.NS,BIRLAPREC.NS,AEROENTER.NS,DIFFNKG.NS,TECHNOCRAT.BO,SHTL.BO,UNIMECH.NS,TALBROAUTO.NS,SUNITATOOL.BO,INDOMIM.NS,YUKEN.NS,DYNAMATECH.NS,EXPOEAPL.BO,GMMPFAUDLR.NS,LMW.NS,SBVCL.BO,PITTIENG.NS,ELGIEQUIP.NS,HMT.NS,LCL.NS,SOTEFIN.BO,MAZDA.NS,KIRLPNU.NS,IONEXCHANG.NS,ITL.NS,ONIXSOLAR.NS,FMGOETZE.NS,BALGOPAL.BO,ADVLIFE.BO,BEMHY.BO,AIAENG.NS,PERMAGN.NS,AZTEC.BO,WENDT.NS,ARTSON.BO,KIRLOSBROS.NS,JASH.NS,GGDPROP.BO,WALCHANNAG.NS,VELJAN.NS,WINDMACHIN.NS,MAMATA.NS,HARISH.BO,ACROW.BO,WPIL.NS,IFGLEXPOR.NS,SHAYONAENG.BO,ROTO.NS,TRITURBINE.NS,SAATVIKGL.NS,KSB.NS,PRINCEPIPE.NS,DISAQ.NS,THERMAX.NS,VJLAXMIE.BO,REXNORD.BO,LAKSHMIEW.BO,MAHSCOOTER.NS,AMBER.NS,UVDRHOR.BO,SEALMATIC.BO,ICEMAKE.NS,PATELSAI.BO,BANCOINDIA.NS,INDIANCARD.NS,GALLARD.BO,ALFREDHE.NS,TIMKEN.NS,AEGEUS.BO,WHBRADY.NS,AXTEL.NS,ANUP.NS,SAMRATFORG.BO,EKC.NS,TRUECOLORS.BO,LATTEYS.NS,ROSEMER.BO,TOTEM.BO,POLYCHMP.BO,AMCOIND.BO,GGAUTO.BO,SUBROS.NS,SHILGRAVQ.NS,JOSTS.BO,KEL.BO,ANDREWYU.NS,NESCO.NS,RUNGTAIR.BO,EPBIO.BO,STOVACQ.BO,DUNCANENG.BO,HAWAENG.BO,SARTHAKIND.BO,CROMPTON.NS,EUREKAFORB.NS,SRIGEE.BO,VOLTAS.NS,RMDRIP.NS,BLUESTARCO.NS,HLEGLAS.NS,INTEGRAEN.BO,SHAKTIPUMP.NS,SOLIMAC.BO,ATVPR.BO,FORBESCO.BO,RAJOOENG.NS,LOYAL.BO,AFFORDABLE.NS,COMRADE.BO,CHEMTECH.BO,SYMPHONY.NS,BRADYM.BO,CENLUB.BO,EPACK.NS,QUESTFLOW.BO,MEERA.BO,ATAM.NS,MIVENMACH.BO,OSWALPUMPS.NS,REXSEAL.BO,ENVAIREL.BO,GUJJUBHAI.BO,QRIL.BO"
67,Investment Banks/Brokers,Finance,48,52,48,48,"MRUTR.BO,TANDHANIN.BO,INDUSFINL.BO,STELLANT.BO,HIKLASS.BO,PHCAP.BO,SWASTIKA.BO,ACFSL.BO,SHARDUL.NS,SW1.BO,RAJVI.BO,WELINV.NS,GCSL.NS,MIDEASTP.BO,GSBFIN.BO,SGFIN.NS,AUSOMENT.NS,MCX.NS,KRISHNACAP.BO,VISTARAMAR.BO,SANCF.BO,REGENCY.BO,INANISEC.BO,ABHIFIN.BO,EDELWEISS.NS,DHANCOT.BO,AARNAV.NS,MONARCH.NS,SMCGLOBAL.NS,GAMCO.BO,SHAREINDIA.NS,GEOJITFSL.NS,KJMCCORP.BO,BSE.NS,RAPIDIN.BO,PESB.BO,BERVINL.BO,UCIL.BO,MONGIPA.BO,ANGELONE.NS,GYFTR.NS,ALGOQUANT.NS,STEP2COR.BO,5PAISA.NS,TITANSEC.BO,SARTHAKGL.BO,IIFLCAPS.NS,MODRNSH.BO,CDSL.NS,DBSTOCKBRO.NS,KIRANVYPAR.NS,PIONRINV.NS,SAICAPI.NS,RRP.BO,ARYAMAN.NS,ASSAMENT.NS,21STCENMGM.NS,JOINDRE.BO,ARIHANTCAP.NS,VLSFINANCE.NS,KJMCFIN.NS,INDPRUD.NS,NAM.BO,NEXOME.BO,BERYLSE.BO,TAMBOLIIN.NS,ARSSBL.NS,NIKKIGL.BO,GOWRALE.BO,PRIMESECU.NS,CSLFINANCE.NS,SUMEDHA.NS,ELIXIR.BO,STEELCITY.NS,AKCAPIT.NS,JMFINANCIL.NS,LIBORD.BO,SODHACAP.BO,MEHIF.BO,SPCAPIT.BO,DAULAT.BO,HBPOR.NS,HELPAGE.BO,JHACC.BO,SKPSEC.BO,GAJANANSEC.BO,MASTERTR.NS,TATAINVEST.NS,DOLATALGO.NS,WALLFORT.BO,PNBGILTS.NS,UPSURGE.BO,KEYFINSERV.NS,CILSEC.BO,MUKESHB.NS,IEX.NS,ARYACAPM.BO,HBSL.NS,DSINVEST.BO,TRILIANCE.BO,CHRTEDCA.BO,MYMONEY.BO,THEINVEST.NS,BIRLAMONEY.NS,RIKHAV.BO,BHARAT.BO,QUESTCAP.BO,FRUTION.BO,CRESCENTIS.BO,NAGREEKCAP.NS,ASITCFIN.BO,PURSHOTTAM.BO,SITAENT.BO,INDBANK.NS,SAUMYA.BO,MEAPL.BO,NIDHGRN.BO,FUTURSEC.BO,NDASEC.BO,1STCUS.BO,MUNCAPM.BO,MGIL.BO,JSWHL.NS,USHAKIRA.BO,GOGIACAPGL.BO,RAMSONS.BO,ALSL.BO,SYSTMTXC.NS,MEHSECU.BO,INDOTHAI.NS,LORDSMARK.BO"
68,Finance/Rental/Leasing,Finance,48,43,50,45,"ASIACAP.BO,RANJITSE.BO,KREONFIN.BO,TFCILTD.NS,GDLLEAS.BO,PAISALO.NS,KINETRU.BO,IFCI.NS,CITIPOR.BO,VLL.BO,ICDSLTD.NS,CTL.BO,AMRAFIN.BO,JAFINANCE.BO,CGCL.NS,PAYTM.NS,CSL.BO,PURPLEFIN.BO,AYE.NS,ARMANFIN.NS,JLL.BO,SRGFFL.BO,SANGHVIMOV.NS,PNBHOUSING.NS,PIRAMALFIN.NS,KISSHT.NS,IIFL.NS,CLFL.BO,IFINSEC.BO,MUFIN.NS,SHRIRAMFIN.NS,SATIN.NS,M&MFIN.NS,OSWALEA.BO,LAXMIINDIA.NS,MANCREDIT.NS,CHOLAFIN.NS,FUSION.NS,LTF.NS,MUTHOOTMF.NS,MANAPPURAM.NS,NIYOGIN.BO,VAPIENTER.BO,TATACAP.NS,BAJFINANCE.NS,NORTHARC.NS,FEDFINA.NS,POONAWALLA.NS,FIVESTAR.NS,INDBNK.BO,CREDITACC.NS,TRUSTEDGE.BO,APOLLOFI.BO,SAHLIBHFI.NS,HOMEFIRST.NS,MUTHOOTCAP.NS,PARAGONF.BO,INDOSTAR.NS,BAZELINTER.BO,RAJKOTINV.BO,LYONSCO.BO,LICHSGFIN.NS,JJFINCOR.BO,MANBA.NS,SANGAMFIN.BO,SUNDARMFIN.NS,SBFC.NS,INDERGR.BO,AADHARHFC.NS,SAMMAANCAP.NS,KEYCORP.BO,HDBFS.NS,THACKER.NS,MKVENTURES.BO,NDGL.NS,SONAL.NS,CANFINHOME.NS,MASKINVEST.NS,APTUS.NS,SAHARAHOUS.BO,SPANDANA.NS,AAVAS.NS,MASFIN.NS,REPCOHOME.NS,GLANCE.BO,SBICARD.NS,AVAILFC.BO,CHOLAHLDNG.NS,INDUSTOWER.NS,SAINIK.BO,MANSIFIN.BO,ABIRAFN.BO,FINKURVE.NS,MUTHOOTFIN.NS,HARYNACAP.BO,KZLFIN.BO,RELICTEC.BO,SSFLPP.BO,INTRGLB.BO,UNTTEMI.BO,CAPFIN.BO,CEEJAY.BO,BAJAJHFL.NS,SAKTHIFIN.BO,GOLECHA.BO,RECLTD.NS,CROWN.NS,RTFL.BO,NLFL.BO,ADMANUM.BO,STARTECK.NS,INDIAHOME.BO,GICHSGFIN.NS,ABHICAP.BO,MANGALCOMP.BO,IREDA.NS,PFC.NS,GRANDOAK.NS,HUDCO.NS,PRITHVIEXCH.BO,SRGHFL.NS,AUTOINT.BO,INDIASHLTR.NS,AASTAFIN.BO,KIFS.BO,SHVFL.BO,ACME.BO,PFS.NS,MAHAPEXLTD.NS,NPRFIN.BO,HARAFIN.BO,IRFC.NS,TARACHAND.NS,UNITDCR.BO,SRSOLTD.BO,TFSL.BO,UGROCAP.NS,SALEM.BO,ECOSMOBLTY.NS,CIFL.NS,MANRAJH.BO,RFL.BO,SEEMAX.BO,DHRUVCA.BO"
69,Air Freight/Couriers,Transportation,48,48,45,41,"NATHUEC.BO,RAPID.BO,DESIFARMS.BO,AEGISVOPAK.NS,MAHESHWARI.NS,TOTAL.NS,MAHLOG.NS,FORINTL.BO,SCI.NS,SVLL.NS,CARGOSOL.BO,ASPINWALL.NS,TVSSCS.NS,OMFREIGHT.NS,DELHIVERY.NS,LEAPIND.NS,SINDHUTRAD.NS,SILL.BO,AVG.NS,GLOBALLOG.BO,TCIEXP.NS,BLUEDART.NS,ABCINDQ.BO,TRANSVOY.BO,FLOMIC.BO,SWIGGY.NS,PSPL.BO,DHILLON.BO,WCIL.NS,TIGERLOGS.NS,CARGOTRANS.BO,SUNSKY.BO,GBLOGISTIC.BO"
70,Beverages: Alcoholic,Consumer Non-Durables,48,45,57,48,"CHMBBRW.BO,RADICO.NS,TI.NS,ABDL.NS,UNITDSPR.NS,JAGAJITIND.BO,GMBREW.NS,IFBAGRO.NS,GLOBUSSPR.NS,NSL.BO,SDBL.NS,UBL.NS,ASALCBR.NS,SILVOAK.BO"
71,Building Products,Producer Manufacturing,48,50,47,49,"IKOMA.BO,MSAFE.BO,LTELEVATOR.BO,JNKINDIA.NS,ORIENTBELL.NS,BRPL.BO,FABCLEAN.BO,SOMANYCERA.NS,ARCHIDPLY.NS,ORIRAIL.NS,KAJARIACER.NS,INDIANHUME.NS,GREENPLY.NS,RISHILASE.BO,NITCO.NS,CENTURYPLY.NS,POKARNA.NS,AHMDSTE.BO,ELEMARB.BO,CEETAIN.BO,INTERARCH.NS,AARON.NS,MURUDCERA.NS,MBEL.NS,ASIANTILES.NS,REGENCERAM.NS,ZODIAC.NS,AHLADA.NS,HINDWAREAP.NS,SOLEX.NS,TRL.BO"
72,Department Stores,Retail Trade,47,16,62,69,SHOPERSTOP.NS
73,Investment Managers,Finance,47,41,50,47,"NEWMKTAVE.BO,PHOTON.BO,ONELIFECAP.NS,VEDANTASSET.BO,ANANDRATHI.NS,PRUDENT.NS,NUVAMA.NS,360ONE.NS,VHL.NS,SPACAPS.BO,EMKAY.NS,AMPL.BO,STANROS.BO,NAHARCAP.NS,ESCORP.BO,ICICIAMC.NS,LADDERUP.NS,MIIL.NS,CREST.NS,AFSL.NS,CRAMC.NS,GAJA.NS,HDFCAMC.NS,CORALFINAC.NS,SBIFUNDS.NS,JPOLYINVST.NS,VGCL.NS,DHARNI.BO,CENTRUM.NS,MEDIASSIST.NS,UTIAMC.NS,WEALTH.NS,BLAL.NS,SRAMSET.BO,CMSINFO.NS"
74,Packaged Software,Technology Services,47,49,51,49,"ISERA.BO,PURPLEWAVE.BO,EXATO.BO,DANLAW.BO,AMRAPLIN.BO,SHADOWFAX.NS,NINSYS.NS,AMAGI.NS,OFSS.NS,INFINITY.BO,URBANCO.NS,NOVUS.BO,NBL.BO,NAZARA.NS,RATEGAIN.NS,STYL.NS,AURUM.NS,7SEASL.BO,63MOONS.NS,ACEALPHA.BO,MOBAVENUE.BO,TATATECH.NS,SOFTTECH.NS,BHARATROHAN.BO,NPST.NS,SAGARSOFT.BO,IDENTIXWEB.BO,CYIENT.NS,KLASSROOM.BO,SIGMA.NS,IZMO.NS,COSYN.BO,TELECANOR.BO,ARIS.NS,PANSARI.NS,BLACKBUCK.NS,AFFLE.NS,HCKKVENTURE.BO,EMUDHRA.NS,INFOBEAN.NS,WORKMATES.BO,KFINTECH.NS,ABMKNO.NS,CWD.BO,MUKTAARTS.NS,MPHASIS.NS,DATAMATICS.NS,SHIPROCKET.NS,ERPSOFT.BO,KSOLVES.NS,FRACTAL.NS,ACCELYA.NS,HEXT.NS,AHASOLAR.BO,NETLINK.BO,KRATIKAL.BO,PINELABS.NS,NEWGEN.NS,CAPILLARY.NS,CONTCHM.BO,UNIECOM.NS,INTELLECT.NS,ICODEX.BO,INNOVANA.NS,BSOFT.NS,ZENSARTECH.NS,AUSTERE.BO,ODYSSEY.BO,RSSOFTWARE.NS,EXCELSOFT.NS,JUPITERIN.BO,WESTLEIRES.BO,RAMINFO.BO,VEEFIN.BO,ZAGGLE.NS,SILVERTUC.NS,QUICKHEAL.NS,GENESYS.NS,KPITTECH.NS,LOGICIEL.BO"
75,Trucks/Construction/Farm Machinery,Producer Manufacturing,47,47,52,50,"SWANDEF.NS,KMEW.NS,AIRFLOA.BO,CRAFTSMAN.NS,LAXMIPATI.BO,EIMCOELECO.NS,INGERRAND.NS,INDCTST.BO,ACE.NS,TIL.NS,MVELECTRO.NS,BEML.NS,CRANEX.BO,BALUFORGE.NS,ASHOKLEY.NS,TITAGARH.NS,QUINT.NS,GREAVESCOT.NS,TEXRAIL.NS,BHARATGEAR.NS,AJAXENGG.NS,GRSE.NS,MAZDOCK.NS,INTLCOMBQ.BO,COCHINSHIP.NS,MHEL.BO,ADARSHPL.BO,TRF.NS,HERCULES.BO,JISLDVREQS.NS,GUJAPOLLO.NS,MAHEPC.NS,INDOFARM.NS,ATIL.BO,SEMAC.NS,JWL.NS,VSTTILLERS.NS,JISLJALEQS.NS,BAJAJINDEF.NS,SWANAGRO.BO,GARWAMAR.BO"
76,Semiconductors,Electronic Technology,46,39,32,64,"UTLSOLAR.NS,GRERENEW.BO,EMMVEE.NS,HIGHNESS.BO,METSL.BO,MOSCHIP.NS,PREMIERENE.NS,RIR.NS,SPELS.NS,SURANASOL.NS,STERPOW.BO,WAAREEENER.NS,INA.NS,ADTECH.BO,WEBELSOLAR.NS,VIKRAMSOLR.NS,SOLARIUM.BO"
77,Miscellaneous Commercial Services,Commercial Services,46,47,47,48,"SMTEL.BO,NORTHLINK.BO,AMALGAM.BO,KAPSTON.NS,BLUSPRING.NS,HYPERSOFT.BO,SAILIFE.NS,ESHAMEDIA.BO,MSECL.BO,CMPDI.NS,GLOBAL.NS,ISTRNETWK.BO,CHOKSILA.BO,MACHLTD.BO,POBS.BO,UDS.NS,HILIKS.BO,ICON.BO,SIS.NS,VERANDA.NS,IECEDU.BO,SUPRAPFSL.BO,GBLINFRA.BO,VIMTALABS.NS,ONEPOINT.NS,PWL.NS,IKS.NS,ECLERX.NS,GTECJAINX.NS,QLL.BO,SAGILITY.NS,MAJESAUT.NS,MITCON.NS,KRYSTAL.NS,NIITLTD.NS,AXISCADES.NS,ASIAPAK.BO,SSL.BO,CHOICEIN.NS,AARTECH.NS,WALCHPF.BO,WSFX.BO,CONCORDBIO.NS,GOLDENCREST.BO,TRANSCOR.NS,TECHKGREEN.BO,BLIL.NS,ONEGLOBAL.NS,BNRUDY.BO,HBEL.BO,PML.NS,ASTAR.NS,EXHICON.BO,RITES.NS,MPILCORPL.BO,SEIL.NS,RADIANTCMS.NS,PRODOCS.BO,ALLDIGI.NS,ADL.NS,FSL.NS,ACCELERATE.BO,HGS.NS,LTTS.NS,VISVEN.BO,CPEDU.NS,NIRMITEE.BO,IGIL.NS,EMERGENT.BO,DIGITIDE.NS,SUGALDAM.BO,CLEDUCATE.NS,DECOMIC.BO,MOBIKWIK.NS,SNOWMAN.NS,RESPONSINF.BO,AMITSEC.BO,CAPRO.BO,ASIAN.BO,MAPMYINDIA.NS,PROCLB.BO,FUTSOL.BO,NBCC.NS,APTECHT.NS,JAYKAY.NS,LIKHAMI.BO,WEWIN.NS,NSBBPO.BO,SYNGENE.NS,UNICK.BO,NIITMTS.NS,TOUCHWOOD.NS,MAGNUS.BO,AEIM.BO,LATENTVIEW.NS,ALPHALOGIC.BO,ICONIKSPEV.BO,RTNINDIA.NS,NISMGMT.BO,SAFECURE.BO,TTC.BO,GULFLLOYDS.BO"
78,Industrial Conglomerates,Producer Manufacturing,46,46,49,39,"TIRUPATIFL.NS,GRAMEVA.BO,IPRINGLTD.NS,SFSL.BO,3MINDIA.NS,BALMLAWRIE.NS,KCP.NS,DCMSHRIRAM.NS,UNIENTER.NS,FIBERWEB.NS"
79,Wholesale Distributors,Distribution Services,45,48,44,46,"SIMANDHAR.BO,VOLKAI.BO,MARINE.NS,CCAL.BO,DRL.BO,SICAGEN.NS,AERPACE.BO,AEGISLOG.NS,VEL.BO,SBC.NS,ECOFINITY.BO,BUILDPRO.NS,EFORU.BO,AGRIBIO.BO,PALCO.BO,ALCHCORP.BO,AVAX.BO,THEJO.NS,STALLION.NS,SAMOR.BO,PIPAN.BO,DHOOTIN.BO,ACEMEN.BO,VEGA.BO,SAENTER.BO,LLOYDSENT.NS,ADANIENT.NS,EBIX.NS,KHAZANCHI.BO,JAYBARMARU.NS,VINCOFE.NS,PARKERAC.BO,MYSORPETRO.NS,JKIPL.NS,NANTA.BO,IMPAL.NS,MERCURYEV.NS,KALYANI.NS,METROGLOBL.NS,BLACKROSE.NS,MISHKA.BO,MMTC.NS,GMDCLTD.NS,PARSHVA.BO,HMEML.BO,EVERESTIND.NS,HRYNSHP.NS,BHAVIK.BO,ENTRINT.BO,OPCHAINS.BO,RRPDEFENSE.BO,VINYLINDIA.NS,FRONTCORP.BO,SIMPLXPAP.BO,MARBLE.BO,HEXATRADEX.NS,KOTHARIPRO.NS,YASHINNO.BO,MULLER.BO,ABANSENT.NS,CONSTRONIC.BO,YSL.BO,JOLYPLS.BO,BMWVENTLTD.NS,AIHL.BO,ANIKINDS.NS,SSDL.NS,VERITAS.BO,KTIL.BO,EFCIL.NS,TEGA.NS,UMAEXPORTS.NS,ATENPAPERS.BO,SANINFRA.BO,SHARDACROP.NS,SSTL.BO,SRD.NS,TAIIND.BO,SHIVTEXCHEM.BO,NVENTURES.BO,UVS.BO,ISHANCH.NS,MRCAGRO.BO,SANBLUE.BO,MOPSHOP.BO,GEL.BO,SHREE.BO,RONI.BO,AUREATE.BO,SEML.BO,GVL.BO,INLCM.BO,TCC.NS"
80,Publishing: Newspapers,Consumer Services,45,23,48,47,"HTMEDIA.NS,HMVL.NS,SANDESH.NS,JAGRAN.NS,DBCORP.NS"
81,Information Technology Services,Technology Services,45,41,43,45,"AXISOL.BO,SESHACHAL.BO,STLTECH.NS,SIGMAADV.NS,SANCODE.BO,CALSOFT.NS,PVP.NS,PRARUH.BO,E2E.NS,CAPRICORN.BO,COVANCE.BO,XTRANET.NS,GSTL.BO,LOKESHMACH.NS,ASMTEC.BO,EBGNG.NS,BENCHMARK.BO,OCTAWARE.BO,3IINFOLTD.NS,COFORGE.NS,RAMCOSYS.NS,CTE.NS,SASKEN.NS,SECMARK.NS,ZENTEC.NS,ARIGATO.BO,BBOX.NS,SATTRIX.BO,TECHM.NS,PERSISTENT.NS,UNIFIED.BO,AMPVOLTS.BO,ONWARDTEC.NS,MPCOSEMB.BO,EXPLEOSOL.NS,AAATECH.NS,CAMS.NS,DSSL.NS,SENINFO.BO,CYBERTECH.NS,TRIGYN.NS,INFORTEC.BO,GOLDTECH.NS,NNTL.BO,TANLA.NS,SONATSOFTW.NS,CGVAK.NS,XTGLOBAL.NS,HCLTECH.NS,SAKSOFT.NS,MASTEK.NS,B2BSOFT.BO,MCLOUD.NS,IVALUE.NS,NUCLEUS.NS,INSPIRISYS.NS,METAINFO.BO,TCS.NS,UNITEDINT.BO,TREJHARA.NS,CSM.NS,7TEC.BO,ORIENTTECH.NS,DCM.NS,MADALA.BO,XCHANGING.NS,INFY.NS,WIPRO.NS,MEGRISOFT.BO,RSYSTEMS.NS,ATISHAY.BO,INTENTECH.NS,MINDTECK.NS,OMEGAIN.BO,EUPHORIAIT.BO,ADSL.NS,TATAELXSI.NS,CNINFOTECH.BO,XELPMOC.NS,DEVIT.NS,AURIONPRO.NS,PROTEAN.NS,EDVENSWA.BO,ATHENAGLO.BO,ACEENGITEC.BO,TERASOFT.NS,CURAA.NS,ANKIN.BO,INDAGIV.BO,METHODHUB.BO,EKENNIS.BO"
82,Financial Conglomerates,Finance,44,48,48,45,"SALSAIN.BO,KARTKIN.BO,KUBERJI.BO,INDCEMCAP.BO,CONSOFINVT.NS,PRISMMEDI.BO,HRMNYCP.BO,MKPMOB.BO,SWATIPRO.BO,FEDDERSHOL.NS,SWRNASE.BO,GALADAFIN.BO,STEL.NS,BFINVEST.NS,GANHOLD.BO,PEOPLIN.BO,KICL.NS,SILINV.NS,AIIL.NS,SOUTLAT.BO,RPSGVENT.NS,BAJAJHLDNG.NS,EASUN.BO,RISHYRN.BO,IITL.NS,NBIFIN.NS,MARGOFIN.BO,LERTHAI.BO,RSDFIN.NS,NSIL.NS,APOORVA.NS,CMXLTD.BO,TSFINV.NS,PILANIINVS.NS,QGO.BO,JIOFIN.NS,TEAMGTY.NS,MIL.BO,WILLAMAGOR.NS,MORARKFI.BO,ZSARACOM.NS,LFIC.NS,ELCIDIN.NS,JINDALPHOT.NS,MORGAN.BO,DFL.BO,ZMILGFIN.BO,KGVL.BO,TCFCFINQ.BO,LEXGLOBAL.BO,GSLSEC.BO,CUPIDALBV.BO,NISUS.BO"
83,Real Estate Development,Finance,43,46,44,44,"ARIHANT.NS,OMAXE.NS,LANCORHOL.NS,GALLOPENT.BO,GROVY.BO,IBULLSLTD.NS,LOTUSDEV.NS,DYNAVSN.BO,BRIGADE.NS,LODHA.NS,SBLI.BO,MAXESTATES.NS,SVGLOBAL.NS,SRMCL.BO,SWAGTAM.BO,SMARTWORKS.NS,GYANDEV.BO,KOLTEPATIL.NS,OBEROIRLTY.NS,KESAR.BO,PHOENIXLTD.NS,VGIL.BO,WEWORK.NS,AXENTRA.BO,SASHWAT.BO,GEECEE.NS,ARVSMART.NS,ASHIANA.NS,MOTOGENFIN.NS,PRESTIGE.NS,MODIS.NS,GODREJPROP.NS,INDIQUBE.NS,NIRLON.NS,DLF.NS,MODIPON.BO,RAJABAH.BO,PROZONER.NS,PURVA.NS,YOGI.NS,NARPROP.BO,SHRIKRISH.NS,NEOINFRA.BO,MERCANTILE.NS,JUSTO.BO,TREL.NS,NUKLEUS.BO,IITLPROJ.BO,MANINFRA.NS,SUMIT.NS,RAYMONDREL.NS,MAHLIFE.NS,ASTALLTD.BO,RRECL.NS,MARBU.BO,ELDEHSG.NS,MADHUDIN.BO,PTL.NS,TRADEWELL.BO,PHOENXINTL.NS,PRIMIND.BO,ROSELABS.BO,HORIZONIND.NS,AGIIL.NS,MARATHON.NS,GANVERSE.BO,AMJLAND.NS,SHERVANI.NS,BHANDERI.BO,SOBHA.NS,MNIL.BO,TARC.NS,3PLAND.NS,SHRIRAMPPS.NS,ELNET.BO,STRGRENWO.BO,RAP.BO,PRIMEPRO.BO,KEMP.BO,SUNTECK.NS,JAMSHRI.BO,HEMIPROP.NS,SIGNATURE.NS,GOLDENTOBC.NS,GUJCRED.BO,EMBDL.NS,SBGLP.NS,DBREALTY.NS,CITADEL.BO,TCIIND.BO,KALPATARU.NS,RUSTOMJEE.NS,SAMINDUS.BO,AJMERA.NS,RODIUM.BO,GARNET.BO,EMAMIREAL.NS,SAFFRON.BO,NATIONSTD.NS,HUBTOWN.NS,ARIHANTSUP.NS,RATNABHUMI.BO,DEVX.NS,AWFIS.NS,OSWALGREEN.NS,OSWALAGRO.NS,NIMBSPROJ.NS,RAINBOWF.BO,SUPREME.NS,YURANUS.BO"
84,Railroads,Transportation,42,43,50,38,"CONCOR.NS,GATEWAY.NS"
85,Home Furnishings,Consumer Durables,42,39,44,37,"SOURCEIND.BO,CALLISTA.BO,NILKAMAL.NS,TIRUFOAM.BO,MILEFUR.BO,CARYSIL.NS,PRIMAPLA.BO,ASAHIINDIA.NS,CERA.NS,TTKPRESTIG.NS,HARSHDEEP.BO,SEKURITIND.NS,LAOPALA.NS,BELLACASA.NS,TEXELIN.BO,CELLO.NS,STANLEY.NS,BCONCEPTS.NS,PRITI.NS,SHAMFOAM.BO,SPITZE.BO"
86,Data Processing Services,Technology Services,42,59,54,30,"ACESEPP.BO,ACESOFT.BO,GHVINFRA.BO,ENS.BO,LTM.NS,RELIABLE.NS,TECHNVISN.NS,IRIS.NS,HAPPSTMNDS.NS,HGM.NS,BLS.NS,OLATECH.BO"
87,Precious Metals,Non-Energy Minerals,42,86,34,9,"REMAGNET.BO,DECNGOLD.NS"
88,Financial Publishing/Services,Commercial Services,41,41,44,32,"CARERATING.NS,ICRA.NS"
89,Personnel Services,Commercial Services,41,58,44,50,"MAXGROW.BO,QUESS.NS,AARVI.NS,TEAMLEASE.NS,CASPIAN.BO,PANHR.BO,ITCONS.BO"
90,Chemicals: Agricultural,Process Industries,40,49,45,44,"KETOMOTORS.BO,MBAPL.NS,GSPCROP.NS,KRISHANA.NS,ARIES.NS,3BBLACKBIO.NS,MACIND.BO,MAHALIFE.BO,PARADEEP.NS,SHIVALIK.NS,BHAGCHEM.NS,ADVANCE.NS,JUBLCPL.NS,EXCELINDUS.NS,SUMICHEM.NS,DEEPAKFERT.NS,IGCL.NS,PUNJABCHEM.NS,EPIGRAL.NS,ATUL.NS,TEEAI.BO,NACLIND.NS,DHARMAJ.NS,PHOSPHATE.BO,FACT.NS,ZUARI.NS,SPIC.NS,RAMAPHO.NS,GSFC.NS,KOTIC.NS,MADRASFERT.NS,BSHSL.NS,EIDPARRY.NS,BHASKAGR.BO,NFL.NS,RCF.NS,BAYERCROP.NS,UPL.NS,INSECTICID.NS,KEMISTAR.BO,KHAICHEM.NS,AIMCOPEST.BO,TATACHEM.NS,IPL.NS,RALLIS.NS,HERANBA.NS,AGROPHOS.NS,BHARATAGRI.BO,NOVAAGRI.NS,ASTEC.NS,BHARATRAS.NS"
91,Apparel/Footwear,Consumer Non-Durables,40,46,44,42,"VIVAA.BO,ATVOENT.BO,IRISDOREME.NS,MAYUR.BO,PGIL.NS,SPENTA.BO,SPAL.NS,MEEIND.BO,RACHIT.BO,VIRAT.NS,KPRMILL.NS,ACKNIT.BO,AAYUSHBULL.BO,PDSL.NS,GOKEX.NS,KKCL.NS,KSR.NS,SUPERHOUSE.NS,VARDHACRLC.NS,CANTABIL.NS,FIL.BO,MONTECARLO.NS,LUXIND.NS,SARUPINDUS.BO,MANBRO.NS,PAGEIND.NS,MIRZAINT.NS,CEENIK.BO,SPLIL.NS,LOVABLE.NS,MALLCOM.NS,ACTIVE.BO,ZENITHEXPO.NS,DOLLAR.NS,INDTERRAIN.NS,RELAXO.NS,RUPA.NS,THOMASCOTT.NS,KHADIM.NS,LIBERTSHOE.NS,CAMPUS.NS,ZODIACLOTH.NS,RIYAASAT.BO,SCOOBEEDAY.BO,BATAINDIA.NS,SUNILTX.BO,LEHAR.BO,BANG.NS,JAIPURKURT.NS,TUSALDAH.BO,VASHISHTHA.BO,GOCOLORS.NS,VIPCLOTHNG.NS,PIONEEREMB.NS,BIZOTIC.BO,RAYMONDLSL.NS,ABCOTS.NS,DAVIN.BO,RFIL.BO,SCARNOSE.BO"
92,Electric Utilities,Utilities,40,39,32,43,"SGMART.NS,SRMENERGY.BO,ANANDPROJ.BO,ADANIENSOL.NS,ADANIPOWER.NS,GIPCL.NS,TEXINFRA.NS,JSWENERGY.NS,NLCINDIA.NS,NHPC.NS,NTPC.NS,TATAPOWER.NS,NAVA.NS,TORNTPOWER.NS,OMPOWER.NS,EKI.NS,PTC.NS,PACEDIGITK.NS,CESC.NS,SKILVEN.BO,SJVN.NS,GITARENEW.BO,WAA.BO,VEDPOWER.NS,KARMAENG.NS,SWANCORP.NS,RPOWER.NS,RELINFRA.NS"
93,Automotive Aftermarket,Consumer Durables,40,34,51,32,"TVSSRICHAK.NS,MODIRUBBER.NS,BENGALASM.NS,BALKRISIND.NS,TRITONV.NS,CEATLTD.NS,DOLFIN.BO,APOLLOTYRE.NS,MRF.NS,JKTYRE.NS,JTEKTINDIA.NS,KRYPTONQ.BO,TOLINS.NS,GOODYEAR.NS"
94,Gas Distributors,Utilities,40,50,36,39,"RAJSEC.BO,PETRONET.NS,GAIL.NS,ATGL.NS,RUDRAGAS.BO,MGL.NS,IGL.NS,RCCL.BO,GUJENERGY.NS"
95,Hotels/Resorts/Cruise Lines,Consumer Services,40,46,41,40,"AHLWEST.NS,SAYAJIHOTL.NS,CORDELIA.NS,EMERALL.BO,THELEELA.NS,SHILINDORE.BO,ORIENTHOT.NS,RASRESOR.BO,ASIANHOTNR.NS,ITDC.NS,KAMATHOTEL.NS,SAVERA.BO,CHALET.NS,SHPLPUNE.BO,RELIABVEN.BO,INDHOTEL.NS,GRAVISSHO.NS,SINCLAIR.NS,HBESD.NS,BENARAS.NS,JUNIPER.NS,JINDHOT.BO,UPHOT.NS,APOLSINHOT.NS,CINDHO.BO,TAJGVK.NS,GUJHOTE.BO,ITCHOTELS.NS,EIHAHOTELS.NS,SAMHI.NS,AHLEAST.NS,VHLTD.NS,ADVANIHOTR.NS,CHLLTD.BO,PARKHOTELS.NS,JUNGLECAMP.BO,EIHOTEL.NS,BRIGHOTEL.NS,VENTIVE.NS,HOWARHO.BO,PGCRL.BO,RAYALEMA.BO,LEMONTREE.NS,ROHLTD.NS,RHL.NS,BLUECOAST.NS,BYKE.NS,HBGHOTELS.BO,MACH.BO,ESPIRE.BO"
96,Food Distributors,Distribution Services,40,47,41,34,"RRMETAL.BO,UNJHAFOR.BO,FRATELLI.BO,HALDER.NS,PURETROP.BO,EMPIND.NS,ADON.BO,STCINDIA.NS,OLYOI.BO,MRP.BO,HMAAGRO.NS,CONTILI.BO,STANBIK.BO,MONIKA.BO,TANVI.BO,NMSGLOBAL.BO"
97,Engineering & Construction,Industrial Services,40,43,41,44,"KRISHNA.BO,MODISONLTD.NS,UNIVASTU.NS,TELGE.BO,GENUSPRIME.BO,VINDHYATEL.NS,GAYAPROJ.NS,WELENT.NS,BRGIL.BO,CEMPRO.NS,CFF.BO,MOLDTECH.NS,ACMESOLAR.NS,LLOYDSENGG.NS,WABAG.NS,VIRYA.BO,ABMINTLLTD.NS,GVPIL.NS,ENGINERSIN.NS,IL&FSENGG.NS,CEIGALL.NS,SCANPRO.BO,MPDL.NS,JSWINFRA.NS,TECHNOCRAF.NS,GOELCONS.BO,KPIL.NS,SHRICON.BO,TARMAT.NS,EPACKPEB.NS,FAALCON.BO,BLKASHYAP.NS,EMSLIMITED.NS,ONEINDIG.BO,PSPPROJECT.NS,SAB.NS,GENCON.NS,JAYANT.BO,VVIPIL.BO,CONART.BO,SIMPLEXINF.NS,HCC.NS,MARKOLINES.NS,SUYOG.NS,REFEXRENEW.BO,LT.NS,LIKHITHA.NS,BAJEL.NS,ATLANTAA.NS,GARUDA.NS,SUPREMEINF.NS,AKASH.NS,PFL.BO,GPTINFRA.NS,LESL.BO,PRAJIND.NS,VIVIANA.NS,SRM.NS,GTV.BO,DENTA.NS,EKANSH.BO,GLOBECIVIL.NS,GKENERGY.NS,JKIL.NS,RJSHAH.BO,RAUNAQ.BO,POWERMECH.NS,HECPROJECT.NS,OMINFRAL.NS,SHREESHAY.BO,BRAHMINFRA.NS,SGFRL.BO,BCPL.NS,KAUSHALYA.NS,PATELENG.NS,ARTEFACT.BO,SPMLINFRA.NS,DBL.NS,NIRAJ.NS,CAPACITE.NS,GRINFRA.NS,KNRCON.NS,BFUTILITIE.NS,ISGEC.NS,SWSOLAR.NS,GMRP&UI.NS,TECHNOE.NS,AFCONS.NS,PIGL.NS,CCLINTER.BO,VPRPL.NS,BONDADA.BO,ASHOKA.NS,BGRENERGY.NS,PNCINFRA.NS,DESCO.BO,VASCONEQ.NS,SHRADHA.NS,IRCON.NS,OVAL.BO,USK.NS,SCDL.BO,MBLINFRA.NS,VSFPROJ.BO,VIKRAN.NS,SURAJEST.NS,GVELECTRIC.BO,TRANSRAILL.NS,RVNL.NS,RAJESH.BO,ADVENTHTL.NS,HGINFRA.NS,DARJEELING.BO,VALPLAST.BO,KRRAIL.BO,CEINSYS.NS,RAMKY.NS,AHLUCONT.NS,KEC.NS,DMR.BO,SOLARWORLD.NS,RPPINFRA.NS,REPL.NS,DHRUV.NS,RKEC.NS,MIZVEN.BO"
98,Other Transportation,Transportation,39,41,40,42,"SHREEJISPG.NS,SICALLOG.NS,REPONO.BO,ADANIPORTS.NS,GMRAIRPORT.NS,SANCTRN.BO,NAVKARCORP.NS,STARLOG.BO,GKWLIMITED.NS,RIDDHICORP.BO,HILINFRA.NS,DREAMFOLKS.NS,INNOVISION.NS,PRIMEFRESH.BO"
99,Household/Personal Care,Consumer Non-Durables,39,44,43,37,"CUPID.NS,STDSFAC.BO,BAJAJCON.NS,PCCOSMA.BO,GALAXYSURF.NS,KAYA.NS,HIPOLIN.BO,MARICO.NS,AMWILL.BO,THRIVE.BO,GILLETTE.NS,HINDUNILVR.NS,COLPAL.NS,JYOTHYLAB.NS,PAOS.BO,DABUR.NS,EMAMILTD.NS,GODREJCP.NS,RAVEL.BO,PGHH.NS,HRHYGIENE.BO"
100,Consumer Sundries,Consumer Non-Durables,39,50,42,37,"WELSPUNLIV.NS,BIL.NS,WELTI.BO,LINC.NS,RADIXIND.BO,GPSL.BO"
101,Insurance Brokers/Services,Finance,38,72,72,7,"TURTLEMINT.NS,RRFIN.BO"
102,Other Consumer Services,Consumer Services,37,50,50,32,"TRADWIN.BO,YAANENT.BO,CPCAP.NS,IRONWOOD.BO,EASTRED.BO,HELLOJI.BO,JETKINGQ.BO,VJTFEDU.BO,YATRA.NS,BOMBCYC.BO,THOMASCOOK.NS,EVANS.BO,NHL.BO,IRCTC.NS,ITHL.BO,MHRIL.NS,LGT.BO,UHMVL.BO"
103,Construction Materials,Non-Energy Minerals,36,43,40,33,"GLITTEKG.BO,NEELKAN.BO,SOBME.BO,SRIKPRIND.NS,SAHYADRI.NS,SHIVAM.BO,MANGLMCEM.NS,DIVSHKT.BO,INDOBELL.BO,RALEGRA.BO,GRASIM.NS,RAMCOIND.NS,BVCL.NS,NUVOCO.NS,PACIFICI.NS,HINDCON.NS,PANCM.BO,ULTRACEMCO.NS,JSWCEMENT.NS,SHREDIGCEM.NS,NILACHAL.BO,HEIDELBERG.NS,ASIIL.BO,JKCEMENT.NS,SHREECEM.NS,HPAL.NS,NCLIND.NS,INDIACEM.NS,SOLIDSTON.BO,RAMCOCEM.NS,MADHAV.NS,AROGRANITE.NS,BIRLACORPN.NS,VESUVIUS.NS,PRSMJOHNSN.NS,KAKATCEM.NS,ASSOCER.BO,AMBUJACEM.NS,MIDWESTLTD.NS,STARCEMENT.NS,ACC.NS,ORIENTCEM.NS,ARENTERP.NS,APCL.NS,DECCANCE.NS,SAURASHCEM.NS,NEXXUS.BO,KEERTHI.BO,ZWELCAST.BO,SAGCEM.NS,BIGBLOC.NS,JKLAKSHMI.NS,SRECR.BO,SRICC.BO,ACL.NS,SKCIL.BO,GSLSU.NS"
104,Aluminum,Non-Energy Minerals,36,43,30,33,"ARFIN.NS,HRS.BO,NATIONALUM.NS,ALUFLUOR.NS,ORIENTCER.NS,MAITRI.BO,NIRAVCOM.BO,HINDALUMI.NS,MAANALU.NS,VAML.NS,EUROBOND.NS,SUDAI.BO,SPINAROO.BO,SAMPAT.BO,VEDL.NS,KANISHK.BO,JIVIAL.BO"
105,Wireless Telecommunications,Communications,36,38,46,30,"BHARTIARTL.NS,BHARTIHEXA.NS"
106,Food Retail,Retail Trade,36,47,38,23,"VPAL.BO,PATELRMART.NS,CITYSQUARE.BO,ACML.BO,SPENCERS.NS,ZAPPFRESH.BO"
107,Oil & Gas Pipelines,Industrial Services,34,47,40,52,RIIL.NS
108,Office Equipment/Supplies,Producer Manufacturing,34,37,37,33,"WSTCSTPAPR.NS,EUROPRATIK.NS,DOMS.NS,NAVNETEDUL.NS,MOHITPPR.BO,FLAIR.NS,RDEL.BO"
109,Major Telecommunications,Communications,33,43,28,46,"STLNETWORK.NS,TATACOMM.NS,ITI.NS,RAILTEL.NS,ROUTE.NS,MTNL.NS"
110,Coal,Energy Minerals,33,31,14,44,"SOUTHWEST.NS,COALINDIA.NS,CMLL.NS,REFEX.NS,BHARATCOAL.NS,STRATMONT.BO"
111,Trucking,Transportation,32,46,43,28,"INTSTOIL.BO,RITCO.NS,VRLLOG.NS,JITFINFRA.NS,OBCL.NS,TCI.NS,COARO.BO,AWHCL.NS,GEMENVIRO.BO,NEPLOG.BO,GICL.NS,BLT.BO"
112,Apparel/Footwear Retail,Retail Trade,30,42,36,33,"STYLEBAAZA.NS,SREEL.NS,MEESHO.NS,V2RETAIL.NS,TRADEUNO.BO,ARVINDFASN.NS,CRAVATEX.NS,REDTAPE.NS,METROBRAND.NS,TRENT.NS,MARCLOIRE.BO,VMM.NS,MISHDESIGN.BO,MUFTI.NS,ABFRL.NS,ABLBL.NS,FIRSTCRY.NS,KALAMANDIR.NS,KIAASA.BO"
113,Tools & Hardware,Consumer Durables,27,27,54,41,"JAINEX.BO,KOKUYOCMLN.NS,KPT.BO,AAIL.BO,LIOTECH.BO"
114,Advertising/Marketing Services,Commercial Services,26,37,25,24,"DAPS.BO,SIGNPOST.NS,BRIGHT.BO,EMIAC.BO,CITIZEN.BO,RKSWAMY.NS,VERTOZ.NS,ADCOUNTY.BO,CHTR.BO"
115,Specialty Insurance,Finance,24,34,18,19,"GICRE.NS,ICICIGI.NS"
116,Recreational Products,Consumer Durables,22,31,36,27,"KVTOYS.BO,COSCO.BO,STUDDS.NS"
117,Broadcasting,Consumer Services,19,37,21,25,"ZEEL.NS,TVTODAY.NS,NDTV.NS,SUNTV.NS,ENIL.NS,NETWORK18.NS"
118,Beverages: Non-Alcoholic,Consumer Non-Durables,18,41,18,17,"ORIBEVER.BO,VALENCIA.BO,VBL.NS"
119,Specialty Telecommunications,Communications,18,31,28,35,"ONMOBILE.NS,STML.BO,TTML.NS,GTPL.NS"
120,Savings Banks,Finance,17,48,39,21,NSDL.BO
121,Tobacco,Consumer Non-Durables,17,25,18,26,"NTCIND.NS,VIRATCRA.BO,GODFRYPHLP.NS,VSTIND.NS,ITC.NS,SINNAR.BO"
122,Discount Stores,Retail Trade,12,64,53,10,SPICELOUNG.BO
123,Drugstore Chains,Retail Trade,12,44,5,9,MEDPLUS.NS
