Rank,Ticker,Price,DVol,Sector,Industry,RS,1M_RS,3M_RS,6M_RS,AvgVol,AvgVol10,52WKH,52WKL,%Dist_52H
8,ARIHANT.NS,1031.6,3.57K,Finance,Real Estate Development,98.0,94.0,83.0,,8.96K,2.87K,1225.0,39.65,-15.79
11,EASTSILK.NS,56.59,1.86K,Process Industries,Textiles,98.0,86.0,38.0,20.0,1.22K,2.53K,99.25,24.0,-42.98
23,CUPID.NS,267.32,59142.22K,Consumer Non-Durables,Household/Personal Care,98.0,92.0,98.0,98.0,32098.79K,35778.19K,299.0,32.87,-10.6
26,SANGINITA.NS,56.7,1101.69K,Process Industries,Chemicals: Specialty,98.0,59.0,98.0,98.0,152.94K,106.27K,68.02,9.23,-16.64
27,BATLIBOI.NS,87.85,36.87K,Producer Manufacturing,Industrial Machinery,98.0,72.0,59.0,,78.27K,253.39K,106.5,15.7,-17.51
36,STLTECH.NS,642.45,846.32K,Technology Services,Information Technology Services,98.0,92.0,92.0,98.0,2579.98K,2330.97K,683.5,84.6,-6.01
46,SIGMAADV.NS,627.1,250.55K,Technology Services,Information Technology Services,97.0,83.0,97.0,98.0,409.60K,279.97K,721.5,109.45,-13.08
62,UFBL.NS,762.6,21.09K,Consumer Services,Restaurants,97.0,77.0,97.0,97.0,429.55K,227.22K,845.0,172.34,-9.75
63,AHLWEST.NS,563.95,0.28K,Consumer Services,Hotels/Resorts/Cruise Lines,97.0,54.0,33.0,98.0,1.35K,0.53K,751.4,137.0,-24.95
65,YASHO.NS,4362.3,58.05K,Consumer Non-Durables,Food: Specialty/Candy,97.0,97.0,98.0,98.0,59.24K,123.67K,4490.0,1130.0,-2.84
66,INDSWFTLAB.NS,313.02,2553.95K,Health Technology,Pharmaceuticals: Major,97.0,95.0,98.0,96.0,1427.48K,2256.98K,320.5,87.15,-2.33
69,SWANDEF.NS,2390.5,13.95K,Producer Manufacturing,Trucks/Construction/Farm Machinery,97.0,75.0,82.0,79.0,19.46K,19.40K,2750.0,372.0,-13.07
70,VENUSREM.NS,1803.4,50.49K,Health Technology,Pharmaceuticals: Major,97.0,60.0,97.0,96.0,89.38K,54.70K,2044.3,424.0,-11.78
72,E2E.NS,686.15,1184.84K,Technology Services,Information Technology Services,97.0,98.0,98.0,97.0,2048.25K,1842.87K,698.0,183.36,-1.7
80,BLISSGVS.NS,520.5,346.91K,Health Technology,Pharmaceuticals: Major,96.0,62.0,97.0,97.0,1533.04K,372.46K,553.0,118.0,-5.88
81,HFCL.NS,219.5,9840.82K,Electronic Technology,Telecommunications Equipment,96.0,42.0,91.0,97.0,34625.21K,23750.67K,230.95,59.82,-4.96
83,BHAGYANGR.NS,382.5,233.69K,Producer Manufacturing,Electrical Products,96.0,43.0,77.0,96.0,128.60K,97.42K,432.3,86.0,-11.52
88,KSHINTL.NS,1022.35,278.41K,Producer Manufacturing,Electrical Products,96.0,83.0,94.0,97.0,505.36K,692.10K,1059.9,330.0,-3.54
89,UNIVASTU.NS,168.7,212.75K,Industrial Services,Engineering & Construction,96.0,97.0,98.0,96.0,219.24K,250.07K,168.72,56.02,-0.01
92,RUBICON.NS,1798.7,3473.67K,Health Technology,Biotechnology,96.0,93.0,96.0,96.0,532.05K,226.60K,1808.0,570.75,-0.51
94,MTARTECH.NS,7057.0,66.76K,Electronic Technology,Aerospace & Defense,96.0,80.0,38.0,95.0,1105.77K,171.21K,8714.0,1390.5,-19.02
96,ATHERENERG.NS,1485.2,2474.64K,Consumer Durables,Motor Vehicles,96.0,87.0,94.0,95.0,4722.28K,6384.68K,1580.0,407.7,-6.0
97,MODISONLTD.NS,356.1,19.84K,Industrial Services,Engineering & Construction,96.0,88.0,98.0,96.0,209.64K,100.73K,362.7,114.0,-1.82
99,RPTECH.NS,871.85,278.81K,Distribution Services,Electronics Distributors,96.0,89.0,95.0,96.0,1349.31K,682.85K,967.7,276.0,-9.9
100,DEEDEV.NS,650.55,412.78K,Producer Manufacturing,Industrial Machinery,96.0,21.0,84.0,97.0,184.89K,181.22K,760.0,183.0,-14.4
101,DIACABS.NS,359.9,989.08K,Producer Manufacturing,Electrical Products,96.0,98.0,96.0,97.0,6646.46K,1852.09K,379.0,115.57,-5.04
103,ONELIFECAP.NS,35.41,51.45K,Finance,Investment Managers,96.0,37.0,94.0,97.0,65.43K,92.84K,40.1,11.15,-11.7
104,OMNI.NS,564.45,417.57K,Producer Manufacturing,Metal Fabrication,96.0,46.0,88.0,,1167.13K,4524.04K,764.85,176.25,-26.2
105,KABRAEXTRU.NS,520.5,187.63K,Producer Manufacturing,Industrial Machinery,96.0,98.0,98.0,95.0,221.47K,724.31K,524.7,180.0,-0.8
108,SANSERA.NS,4002.0,192.32K,Producer Manufacturing,Auto Parts: Oem,96.0,92.0,95.0,94.0,342.70K,393.19K,4038.0,1241.3,-0.89
115,SETL.NS,308.7,1991.17K,Health Technology,Medical Specialties,95.0,79.0,98.0,96.0,1091.52K,754.64K,313.3,104.56,-1.47
117,HITECHCORP.NS,330.15,13.16K,Producer Manufacturing,Miscellaneous Manufacturing,95.0,62.0,98.0,95.0,33.29K,11.77K,338.4,112.0,-2.44
118,SKYGOLD.NS,776.4,661.28K,Consumer Durables,Other Consumer Specialties,95.0,92.0,96.0,96.0,1432.68K,1964.69K,848.0,259.0,-8.44
120,MOREPENLAB.NS,89.82,45602.75K,Health Technology,Pharmaceuticals: Major,95.0,98.0,98.0,96.0,16866.16K,45921.15K,90.49,33.05,-0.74
121,KPL.NS,3598.1,102.31K,Health Technology,Pharmaceuticals: Major,95.0,95.0,97.0,,58.81K,122.45K,3744.0,1561.0,-3.9
123,UNIVCABLES.NS,1724.6,302.59K,Electronic Technology,Electronic Components,95.0,97.0,96.0,96.0,292.19K,377.20K,1774.9,576.0,-2.83
126,INDOTECH.NS,3608.4,16.04K,Producer Manufacturing,Electrical Products,95.0,69.0,88.0,96.0,28.49K,24.93K,3976.8,1100.0,-9.26
127,SCPL.NS,657.95,46.16K,Consumer Non-Durables,Food: Meat/Fish/Dairy,95.0,95.0,92.0,94.0,70.31K,140.96K,688.95,190.03,-4.5
128,SALSTEEL.NS,71.87,834.74K,Non-Energy Minerals,Steel,95.0,96.0,73.0,87.0,198.25K,638.22K,73.9,15.28,-2.75
129,CPPLUS.NS,3343.1,640.34K,Consumer Durables,Electronics/Appliances,95.0,9.0,87.0,96.0,296.11K,226.87K,4094.0,1059.0,-18.34
130,UTLSOLAR.NS,464.4,1613.54K,Electronic Technology,Semiconductors,95.0,93.0,96.0,95.0,469.34K,465.49K,466.2,172.0,-0.39
131,BAFNAPH.NS,252.55,2.81K,Health Technology,Pharmaceuticals: Major,95.0,84.0,96.0,95.0,26.73K,72.50K,290.7,91.2,-13.12
135,RAJPALAYAM.NS,827.8,3.07K,Process Industries,Textiles,95.0,44.0,53.0,,2.18K,1.71K,875.0,314.45,-5.39
136,NRL.NS,116.0,29.66K,Non-Energy Minerals,Other Metals/Minerals,95.0,75.0,98.0,96.0,139.26K,64.72K,118.0,45.1,-1.69
137,DIVGIITTS.NS,1284.45,352.31K,Producer Manufacturing,Auto Parts: Oem,95.0,96.0,97.0,95.0,269.41K,432.91K,1318.8,573.7,-2.6
140,DECNGOLD.NS,239.9,3780.97K,Non-Energy Minerals,Precious Metals,95.0,92.0,97.0,,3152.37K,4446.84K,243.8,114.8,-1.6
142,SHILPAMED.NS,809.3,748.25K,Health Technology,Pharmaceuticals: Major,95.0,94.0,95.0,96.0,1911.05K,5775.22K,825.4,259.5,-1.95
143,SEDEMAC.NS,3240.2,148.14K,Producer Manufacturing,Auto Parts: Oem,95.0,89.0,94.0,,179.78K,236.56K,3273.5,1413.1,-1.02
144,KMEW.NS,2756.5,597.86K,Producer Manufacturing,Trucks/Construction/Farm Machinery,95.0,83.0,88.0,89.0,120.33K,69.61K,2999.9,825.1,-8.11
145,PARAS.NS,1388.5,906.70K,Electronic Technology,Aerospace & Defense,95.0,88.0,96.0,95.0,3291.03K,1235.72K,1443.0,580.5,-3.78
147,NOVARTIND.NS,1589.1,19.09K,Health Technology,Pharmaceuticals: Major,95.0,49.0,84.0,,36.18K,14.38K,1780.0,672.25,-10.72
149,AEROFLEX.NS,455.85,1007.95K,Producer Manufacturing,Industrial Machinery,94.0,81.0,79.0,96.0,1892.22K,1206.02K,521.9,158.0,-12.66
151,CNL.NS,1252.1,36.73K,Distribution Services,Electronics Distributors,94.0,96.0,97.0,93.0,279.55K,125.71K,1260.0,525.0,-0.63
154,SHARDUL.NS,54.9,126.92K,Finance,Investment Banks/Brokers,94.0,74.0,97.0,,12.65K,26.82K,60.0,23.05,-8.5
156,SHADOWFAX.NS,258.6,6866.29K,Technology Services,Packaged Software,94.0,87.0,88.0,96.0,7466.10K,8084.18K,263.7,98.55,-1.93
157,KOVAI.NS,6122.0,6.98K,Health Services,Hospital/Nursing Management,94.0,62.0,68.0,,6.10K,7.84K,6340.0,2576.65,-3.44
158,WELCORP.NS,1882.0,202.66K,Producer Manufacturing,Industrial Machinery,94.0,89.0,90.0,96.0,1014.69K,766.89K,1896.0,710.0,-0.74
159,COMSYN.NS,281.69,443.53K,Process Industries,Containers/Packaging,94.0,97.0,96.0,91.0,881.06K,1522.24K,298.0,133.0,-5.47
160,INVPRECQ.NS,1196.7,7.98K,Producer Manufacturing,Metal Fabrication,94.0,97.0,97.0,,9.56K,7.73K,1251.0,551.0,-4.34
161,HAPPYFORGE.NS,2198.1,220.43K,Producer Manufacturing,Metal Fabrication,94.0,96.0,93.0,94.0,127.98K,182.77K,2207.8,862.05,-0.44
162,MACPOWER.NS,1781.4,28.47K,Producer Manufacturing,Industrial Machinery,94.0,95.0,94.0,94.0,54.79K,58.72K,1850.0,761.0,-3.71
163,SAKAR.NS,905.35,109.53K,Health Technology,Pharmaceuticals: Major,94.0,64.0,72.0,94.0,183.52K,147.00K,980.0,311.0,-7.62
164,TDPOWERSYS.NS,1548.8,2464.26K,Producer Manufacturing,Electrical Products,94.0,94.0,84.0,94.0,1429.04K,2209.62K,1569.8,493.0,-1.34
165,MENONBE.NS,241.16,31.98K,Producer Manufacturing,Metal Fabrication,94.0,93.0,94.0,94.0,215.62K,60.06K,254.25,101.5,-5.15
167,AVALON.NS,2059.4,922.87K,Electronic Technology,Electronic Production Equipment,94.0,87.0,93.0,94.0,486.65K,543.31K,2081.0,777.3,-1.04
168,SBCL.NS,1024.6,196.08K,Non-Energy Minerals,Other Metals/Minerals,94.0,96.0,95.0,95.0,745.73K,2121.85K,1105.05,368.6,-7.28
170,SICAGEN.NS,56.46,100.72K,Distribution Services,Wholesale Distributors,94.0,77.0,58.0,,64.01K,329.23K,74.06,24.35,-23.76
171,SENORES.NS,1545.7,361.75K,Health Technology,Pharmaceuticals: Major,94.0,80.0,87.0,93.0,419.99K,251.73K,1549.8,662.45,-0.26
172,PAISALO.NS,67.59,9763.39K,Finance,Finance/Rental/Leasing,94.0,18.0,90.0,94.0,15751.52K,11450.50K,77.39,29.86,-12.66
173,CYIENTDLM.NS,737.45,592.71K,Electronic Technology,Electronic Production Equipment,94.0,93.0,96.0,95.0,703.73K,603.32K,743.0,265.2,-0.75
174,RRKABEL.NS,2748.6,320.88K,Producer Manufacturing,Electrical Products,94.0,85.0,89.0,93.0,686.81K,385.60K,2848.0,1165.0,-3.49
178,VISL.NS,37.97,53341.94K,Non-Energy Minerals,Steel,94.0,82.0,,,67271.98K,48772.08K,44.78,19.06,-15.21
179,KANORICHEM.NS,151.3,49.16K,Process Industries,Chemicals: Specialty,94.0,82.0,93.0,94.0,41.24K,32.89K,164.6,56.0,-8.08
183,VELJAN.NS,1785.2,0.40K,Producer Manufacturing,Industrial Machinery,94.0,60.0,96.0,,2.62K,0.95K,1980.0,812.0,-9.84
185,MARC.NS,130.0,,Industrial Services,Engineering & Construction,93.0,96.0,90.0,96.0,,,,,
189,AEGISLOG.NS,1287.2,573.91K,Distribution Services,Wholesale Distributors,93.0,33.0,96.0,92.0,3013.63K,1319.30K,1497.8,576.1,-14.06
190,SAYAJIHOTL.NS,310.3,0.00K,Consumer Services,Hotels/Resorts/Cruise Lines,93.0,65.0,59.0,,0.14K,0.46K,330.0,138.7,-5.97
191,MARINE.NS,367.1,887.28K,Distribution Services,Wholesale Distributors,93.0,97.0,95.0,93.0,1091.68K,1969.61K,388.0,150.86,-5.39
192,AETHER.NS,1605.7,95.81K,Process Industries,Chemicals: Major Diversified,93.0,74.0,90.0,90.0,436.21K,328.23K,1658.0,726.45,-3.15
193,BIRLACABLE.NS,279.14,190.56K,Producer Manufacturing,Electrical Products,93.0,97.0,95.0,93.0,104.79K,228.77K,308.25,104.0,-9.44
195,MAHASTEEL.NS,1099.1,14.98K,Non-Energy Minerals,Steel,93.0,93.0,85.0,90.0,8.05K,18.34K,1107.6,331.0,-0.77
197,TFCILTD.NS,120.28,42017.47K,Finance,Finance/Rental/Leasing,93.0,97.0,93.0,92.0,10095.08K,14994.33K,127.0,51.0,-5.29
198,MBAPL.NS,164.73,1292.58K,Process Industries,Chemicals: Agricultural,93.0,92.0,93.0,93.0,1337.25K,671.97K,172.85,74.63,-4.7
200,VINDHYATEL.NS,2486.6,48.61K,Industrial Services,Engineering & Construction,93.0,94.0,91.0,94.0,105.36K,172.68K,2600.0,963.9,-4.36
202,RPEL.NS,1430.1,38.43K,Process Industries,Chemicals: Major Diversified,93.0,78.0,95.0,94.0,107.63K,86.13K,1473.0,561.3,-2.91
203,THANGAMAYL.NS,5336.5,85.91K,Consumer Durables,Other Consumer Specialties,93.0,3.0,91.0,89.0,272.21K,307.18K,7430.0,1939.5,-28.18
205,BETA.NS,2432.9,34.91K,Health Technology,Pharmaceuticals: Major,93.0,75.0,97.0,92.0,50.03K,54.43K,2807.9,990.1,-13.36
206,KRN.NS,1539.7,967.25K,Producer Manufacturing,Industrial Machinery,93.0,89.0,84.0,95.0,135.70K,129.58K,1541.7,589.8,-0.13
207,SOTL.NS,692.65,168.77K,Process Industries,Chemicals: Specialty,93.0,89.0,95.0,94.0,774.97K,1114.13K,814.8,285.8,-14.99
209,SCANSTL.NS,62.23,82.47K,Non-Energy Minerals,Steel,93.0,94.0,93.0,,206.86K,109.22K,68.81,31.35,-9.56
210,AVADHSUGAR.NS,725.25,868.00K,Process Industries,Agricultural Commodities/Milling,93.0,96.0,92.0,95.0,122.47K,661.54K,730.05,306.05,-0.66
211,GRWRHITECH.NS,7030.0,42.06K,Process Industries,Chemicals: Specialty,93.0,57.0,84.0,91.0,80.35K,122.70K,7990.0,2681.0,-12.02
212,SHREEJISPG.NS,601.8,2791.51K,Transportation,Other Transportation,93.0,57.0,88.0,89.0,1036.85K,949.71K,681.55,222.0,-11.7
213,GVPIL.NS,731.15,455.34K,Industrial Services,Engineering & Construction,93.0,11.0,55.0,95.0,367.14K,238.90K,1084.0,270.9,-32.55
214,KDDL.NS,4084.6,28.78K,Consumer Durables,Other Consumer Specialties,93.0,92.0,96.0,90.0,59.64K,98.16K,4155.5,1990.0,-1.71
216,SPORTKING.NS,206.41,454.99K,Process Industries,Textiles,93.0,69.0,89.0,94.0,786.20K,1796.28K,241.51,78.17,-14.53
217,GULFPETRO.NS,61.57,129.83K,Energy Minerals,Oil Refining/Marketing,93.0,98.0,96.0,93.0,162.12K,388.54K,65.88,23.25,-6.54
218,AZAD.NS,2899.9,2720.86K,Producer Manufacturing,Metal Fabrication,93.0,90.0,88.0,93.0,578.21K,641.76K,2986.6,1360.0,-2.9
222,FILATEX.NS,82.72,1591.90K,Process Industries,Textiles,92.0,83.0,97.0,89.0,4141.49K,5184.37K,85.7,36.26,-3.48
224,IOLCP.NS,161.28,1844.41K,Process Industries,Chemicals: Specialty,92.0,44.0,92.0,95.0,5447.77K,4162.02K,179.6,67.19,-10.2
225,CEMPRO.NS,1321.8,1001.06K,Industrial Services,Engineering & Construction,92.0,4.0,91.0,95.0,718.78K,521.13K,1649.2,503.3,-19.85
226,RUBYMILLS.NS,382.45,12.18K,Process Industries,Textiles,92.0,32.0,95.0,93.0,77.76K,10.22K,424.9,169.02,-9.99
227,RISHABH.NS,694.6,1235.63K,Producer Manufacturing,Electrical Products,92.0,70.0,90.0,89.0,279.51K,210.62K,698.75,315.0,-0.59
230,SGMART.NS,752.3,262.13K,Utilities,Electric Utilities,92.0,88.0,83.0,93.0,507.17K,311.37K,757.4,313.1,-0.67
234,BLUESTONE.NS,834.65,1277.26K,Retail Trade,Specialty Stores,92.0,96.0,96.0,94.0,4016.71K,6573.56K,926.0,399.8,-9.87
235,LAURUSLABS.NS,1809.7,1631.74K,Health Technology,Pharmaceuticals: Major,92.0,88.0,87.0,94.0,2194.57K,1592.26K,1870.8,823.1,-3.27
236,IRISDOREME.NS,58.3,1274.62K,Consumer Non-Durables,Apparel/Footwear,92.0,92.0,94.0,90.0,750.59K,1530.57K,59.15,26.35,-1.44
239,SYRMA.NS,1467.9,972.37K,Electronic Technology,Electronic Production Equipment,92.0,76.0,92.0,91.0,1392.18K,1370.53K,1543.0,634.5,-4.87
241,PREMIERPOL.NS,83.59,3454.55K,Non-Energy Minerals,Forest Products,92.0,73.0,93.0,88.0,332.44K,209.88K,85.45,38.0,-2.18
242,NETWEB.NS,5212.4,1438.60K,Electronic Technology,Computer Peripherals,92.0,91.0,87.0,91.0,1762.20K,1623.22K,5269.0,2037.3,-1.07
245,TIRUPATIFL.NS,64.24,339.10K,Producer Manufacturing,Industrial Conglomerates,92.0,28.0,93.0,92.0,876.10K,242.81K,83.9,30.11,-23.43
246,PRECWIRE.NS,457.75,387.99K,Producer Manufacturing,Electrical Products,92.0,90.0,78.0,92.0,597.52K,1331.62K,474.9,170.15,-3.61
250,MMFL.NS,632.3,452.09K,Producer Manufacturing,Metal Fabrication,92.0,90.0,89.0,83.0,140.42K,253.28K,664.0,288.1,-4.77
252,ASTRAMICRO.NS,1707.1,250.61K,Electronic Technology,Telecommunications Equipment,92.0,50.0,93.0,93.0,1078.09K,489.74K,1960.0,851.0,-12.9
253,KIRLOSENG.NS,2101.6,327.45K,Producer Manufacturing,Electrical Products,92.0,24.0,79.0,91.0,798.46K,555.40K,2720.0,855.8,-22.74
254,UNIPARTS.NS,801.15,207.09K,Producer Manufacturing,Auto Parts: Oem,92.0,89.0,92.0,88.0,246.24K,315.12K,839.0,387.1,-4.51
255,NGLFINE.NS,2908.4,58.41K,Health Technology,Pharmaceuticals: Major,92.0,27.0,80.0,80.0,17.55K,9.14K,3602.0,1271.0,-19.26
256,STYLAMIND.NS,3582.4,59.25K,Non-Energy Minerals,Forest Products,92.0,80.0,83.0,90.0,81.02K,39.08K,4150.0,1594.1,-13.68
260,KAPSTON.NS,522.7,271.79K,Commercial Services,Miscellaneous Commercial Services,91.0,92.0,94.0,80.0,49.93K,115.05K,600.0,237.2,-12.88
261,EMIL.NS,192.42,3228.10K,Retail Trade,Electronics/Appliance Stores,91.0,97.0,94.0,93.0,5789.96K,27739.44K,196.74,84.9,-2.2
263,ATLANTAELE.NS,1788.2,499.93K,Producer Manufacturing,Electrical Products,91.0,60.0,51.0,95.0,109.78K,107.49K,2152.6,707.6,-16.93
264,BLSE.NS,310.8,256.82K,Technology Services,Internet Software/Services,91.0,86.0,94.0,93.0,838.08K,635.55K,324.9,124.3,-4.34
265,EBGNG.NS,593.0,584.48K,Technology Services,Information Technology Services,91.0,78.0,88.0,92.0,730.88K,700.72K,689.5,239.0,-14.0
269,MARKSANS.NS,331.45,13014.10K,Health Technology,Pharmaceuticals: Major,91.0,90.0,94.0,92.0,4128.74K,8598.41K,345.5,155.0,-4.07
272,GANDHAR.NS,246.69,952.12K,Process Industries,Industrial Specialties,91.0,89.0,93.0,90.0,3074.09K,2295.05K,303.17,115.0,-18.63
273,ACUTAAS.NS,3198.2,172.33K,Health Technology,Pharmaceuticals: Major,91.0,11.0,69.0,89.0,417.99K,248.68K,3740.0,1302.0,-14.49
276,NINSYS.NS,735.4,4.02K,Technology Services,Packaged Software,91.0,4.0,80.0,96.0,6.67K,7.83K,935.0,281.05,-21.35
277,KRISHANA.NS,187.27,707.83K,Process Industries,Chemicals: Agricultural,91.0,95.0,89.0,93.0,1579.86K,530.30K,195.71,86.2,-4.31
279,NEOGEN.NS,2270.1,240.24K,Process Industries,Chemicals: Specialty,91.0,42.0,87.0,92.0,147.63K,166.15K,2374.0,966.7,-4.38
280,JNKINDIA.NS,476.35,488.50K,Producer Manufacturing,Building Products,91.0,33.0,90.0,94.0,1302.06K,509.49K,558.0,200.92,-14.63
281,APARINDS.NS,16524.0,143.51K,Electronic Technology,Electronic Equipment/Instruments,91.0,89.0,87.0,92.0,167.15K,211.12K,18465.0,6801.0,-10.51
282,QMSMEDI.NS,138.13,124.44K,Distribution Services,Medical Distributors,91.0,92.0,95.0,87.0,21.42K,39.30K,140.0,68.95,-1.34
283,FCL.NS,43.41,7487.20K,Process Industries,Industrial Specialties,91.0,83.0,95.0,93.0,24851.73K,10840.45K,47.18,19.1,-7.99
284,CLCIND.NS,50.11,5.38K,Process Industries,Textiles,91.0,40.0,96.0,98.0,4.63K,13.49K,280.0,8.54,-82.1
285,UNIVPHOTO.NS,478.0,1.21K,Consumer Durables,Electronics/Appliances,91.0,79.0,60.0,96.0,0.91K,1.09K,515.8,180.6,-7.33
287,GNA.NS,561.55,640.13K,Producer Manufacturing,Auto Parts: Oem,91.0,29.0,92.0,77.0,579.31K,597.55K,601.65,291.8,-6.67
289,LOKESHMACH.NS,329.8,32.99K,Technology Services,Information Technology Services,91.0,59.0,85.0,93.0,23.82K,16.57K,358.25,138.96,-7.94
290,QUESS.NS,343.9,433.13K,Commercial Services,Personnel Services,91.0,88.0,95.0,89.0,1179.67K,682.32K,349.5,166.3,-1.6
293,TIMEX.NS,541.3,224.12K,Consumer Durables,Other Consumer Specialties,91.0,49.0,93.0,,582.62K,228.53K,618.0,323.0,-12.41
296,INDOBORAX.NS,420.25,66.26K,Process Industries,Chemicals: Specialty,90.0,16.0,92.0,92.0,529.41K,429.72K,499.0,224.0,-15.78
297,COCKERILL.NS,8419.0,11.34K,Non-Energy Minerals,Steel,90.0,16.0,94.0,,25.47K,23.07K,10871.5,5015.25,-22.56
298,HONASA.NS,481.65,2569.37K,Retail Trade,Specialty Stores,90.0,61.0,87.0,91.0,3061.55K,3148.35K,509.8,248.4,-5.52
299,VADILALIND.NS,7411.0,73.26K,Consumer Non-Durables,Food: Specialty/Candy,90.0,80.0,96.0,87.0,33.15K,53.23K,8447.0,3996.0,-12.26
300,SUVEN.NS,333.05,1351.09K,Health Technology,Pharmaceuticals: Major,90.0,61.0,85.0,95.0,2053.10K,630.84K,371.0,124.11,-10.23
301,SUDEEPPHRM.NS,1101.55,80.06K,Health Technology,Pharmaceuticals: Other,90.0,92.0,95.0,91.0,342.00K,591.39K,1158.6,524.05,-4.92
303,RATEGAIN.NS,949.5,267.69K,Technology Services,Packaged Software,90.0,41.0,92.0,90.0,773.99K,992.52K,1050.0,437.0,-9.57
304,HSCL.NS,787.4,3215.40K,Process Industries,Industrial Specialties,90.0,73.0,89.0,92.0,11014.05K,3395.88K,819.5,418.5,-3.92
305,PANAMAPET.NS,487.1,1123.16K,Process Industries,Industrial Specialties,90.0,85.0,94.0,90.0,1065.65K,2027.56K,599.6,229.0,-18.76
306,SWARAJ.NS,369.3,248.31K,Process Industries,Textiles,90.0,60.0,86.0,81.0,128.65K,214.18K,374.9,158.5,-1.49
307,PANACHE.NS,540.65,15.41K,Electronic Technology,Computer Peripherals,90.0,92.0,92.0,91.0,17.83K,18.45K,549.95,237.05,-1.69
308,SANGHVIMOV.NS,506.95,316.84K,Finance,Finance/Rental/Leasing,90.0,90.0,94.0,91.0,640.21K,751.80K,528.0,223.8,-3.99
309,MWL.NS,40.91,488.23K,Non-Energy Minerals,Steel,90.0,81.0,71.0,87.0,1070.60K,2749.03K,43.94,18.26,-6.9
310,NRBBEARING.NS,484.05,961.89K,Producer Manufacturing,Auto Parts: Oem,90.0,85.0,89.0,92.0,937.99K,788.65K,487.0,212.55,-0.61
311,NEULANDLAB.NS,23661.0,93.97K,Health Technology,Pharmaceuticals: Major,90.0,93.0,90.0,92.0,64.15K,181.19K,23843.0,11500.0,-0.76
313,UEL.NS,222.48,7.68K,Utilities,Alternative Power Generation,90.0,98.0,92.0,77.0,19.29K,59.91K,284.2,92.32,-21.72
314,RATNAVEER.NS,244.87,18091.51K,Non-Energy Minerals,Steel,90.0,96.0,88.0,89.0,4712.99K,12235.48K,247.65,130.5,-1.12
315,TBZ.NS,243.7,536.19K,Consumer Durables,Other Consumer Specialties,90.0,31.0,97.0,85.0,2045.45K,1639.94K,295.7,110.5,-17.59
316,SONACOMS.NS,805.1,2346.70K,Producer Manufacturing,Auto Parts: Oem,90.0,85.0,89.0,88.0,2282.02K,2293.45K,836.9,402.3,-3.8
319,CHENNPETRO.NS,1382.4,2149.20K,Energy Minerals,Oil Refining/Marketing,90.0,86.0,89.0,87.0,1701.51K,3311.58K,1449.0,620.85,-4.6
320,INOXINDIA.NS,1950.8,72.47K,Producer Manufacturing,Industrial Machinery,90.0,47.0,88.0,91.0,391.73K,171.96K,2119.8,1065.0,-7.97
322,CHEMBONDCH.NS,263.69,15.08K,Process Industries,Chemicals: Major Diversified,90.0,64.0,91.0,92.0,17.46K,25.92K,279.8,104.85,-5.76
323,PGIL.NS,2378.0,78.07K,Consumer Non-Durables,Apparel/Footwear,90.0,86.0,89.0,80.0,169.77K,354.98K,2539.6,1178.1,-6.36
324,TARSONS.NS,361.5,2073.60K,Process Industries,Containers/Packaging,90.0,93.0,96.0,91.0,1072.45K,1288.25K,375.0,164.45,-3.6
326,AMAGI.NS,581.0,858.08K,Technology Services,Packaged Software,90.0,39.0,90.0,87.0,718.72K,1959.07K,727.4,310.2,-20.13
329,GSPCROP.NS,589.75,153.18K,Process Industries,Chemicals: Agricultural,90.0,89.0,88.0,,324.49K,285.07K,607.8,328.0,-2.97
331,SMARTLINK.NS,223.76,3.33K,Electronic Technology,Telecommunications Equipment,90.0,84.0,78.0,92.0,8.98K,6.50K,232.05,103.5,-3.57
334,AKUMS.NS,744.0,303.58K,Health Technology,Biotechnology,89.0,77.0,90.0,90.0,368.23K,519.98K,775.0,409.3,-4.0
335,OCCLLTD.NS,156.97,41.32K,Process Industries,Chemicals: Specialty,89.0,86.0,95.0,92.0,241.18K,155.63K,183.03,75.71,-14.24
336,UNIMECH.NS,1511.3,268.04K,Producer Manufacturing,Industrial Machinery,89.0,88.0,94.0,88.0,183.41K,399.58K,1555.0,695.0,-2.81
338,CONFIPET.NS,72.55,1010.01K,Retail Trade,Specialty Stores,89.0,34.0,74.0,95.0,3457.84K,4198.14K,86.4,28.06,-16.03
344,NITTAGELA.NS,1589.1,6.16K,Consumer Non-Durables,Food: Specialty/Candy,89.0,3.0,76.0,,18.37K,10.86K,2087.2,882.0,-23.86
345,SPECTRUM.NS,2125.1,9.57K,Electronic Technology,Electronic Equipment/Instruments,89.0,71.0,93.0,91.0,49.58K,21.09K,2637.2,1050.0,-19.42
347,SHRIPISTON.NS,4436.6,48.72K,Producer Manufacturing,Auto Parts: Oem,89.0,73.0,85.0,85.0,63.32K,62.91K,4588.0,2452.0,-3.3
348,ROSSTECH.NS,1108.9,591.38K,Electronic Technology,Telecommunications Equipment,89.0,77.0,81.0,86.0,242.35K,326.73K,1148.0,551.9,-3.41
349,AEQUS.NS,249.58,1229.99K,Electronic Technology,Aerospace & Defense,89.0,72.0,79.0,92.0,6525.01K,3571.19K,274.39,113.3,-9.04
352,BLUSPRING.NS,109.0,208.65K,Commercial Services,Miscellaneous Commercial Services,89.0,21.0,94.0,94.0,1069.21K,454.15K,131.82,43.98,-17.31
354,ADANIENSOL.NS,1589.1,2016.67K,Utilities,Electric Utilities,89.0,21.0,76.0,89.0,2779.75K,2030.17K,1789.0,744.9,-11.17
356,IDEAFORGE.NS,795.1,418.59K,Electronic Technology,Aerospace & Defense,89.0,28.0,36.0,93.0,330.26K,480.51K,992.25,366.0,-19.87
359,PRICOLLTD.NS,806.55,559.28K,Producer Manufacturing,Auto Parts: Oem,89.0,94.0,84.0,82.0,662.04K,769.07K,808.9,432.35,-0.29
360,SJS.NS,2534.5,264.62K,Producer Manufacturing,Auto Parts: Oem,89.0,87.0,86.0,85.0,118.24K,249.77K,2590.0,1199.5,-2.14
362,SHALPAINTS.NS,91.45,837.95K,Process Industries,Industrial Specialties,89.0,98.0,96.0,86.0,459.88K,1912.14K,95.95,35.21,-4.69
364,FERMENTA.NS,457.05,135.94K,Health Technology,Biotechnology,89.0,71.0,93.0,,253.89K,298.16K,580.45,248.85,-21.26
366,TAMBOLIIN.NS,250.81,29.11K,Finance,Investment Banks/Brokers,89.0,86.0,91.0,,13.16K,16.39K,256.18,141.5,-2.1
367,SHAILY.NS,3396.3,69.65K,Process Industries,Chemicals: Specialty,89.0,92.0,79.0,88.0,310.48K,288.71K,3615.2,1770.9,-6.05
368,NELCO.NS,1081.5,1036.67K,Electronic Technology,Electronic Production Equipment,89.0,92.0,94.0,90.0,509.07K,514.22K,1120.0,500.1,-3.44
369,STALLION.NS,240.9,769.71K,Distribution Services,Wholesale Distributors,88.0,84.0,95.0,89.0,2988.80K,1667.12K,423.8,99.32,-43.16
370,PARKHOSPS.NS,276.65,426.16K,Health Services,Hospital/Nursing Management,88.0,57.0,71.0,91.0,871.38K,715.78K,305.0,138.1,-9.3
371,VARROC.NS,847.75,507.94K,Producer Manufacturing,Auto Parts: Oem,88.0,94.0,92.0,88.0,456.41K,2121.41K,874.85,462.0,-3.1
375,SGFIN.NS,660.25,118.93K,Finance,Investment Banks/Brokers,88.0,69.0,76.0,91.0,486.90K,281.86K,727.45,323.0,-9.24
376,QPOWER.NS,1302.6,502.09K,Producer Manufacturing,Electrical Products,88.0,78.0,75.0,90.0,194.98K,219.15K,1441.0,581.0,-9.6
377,KALYANKJIL.NS,610.0,10038.29K,Retail Trade,Specialty Stores,88.0,73.0,96.0,84.0,22874.94K,18561.20K,648.95,327.05,-6.0
380,BALAMINES.NS,2125.2,81.36K,Process Industries,Chemicals: Specialty,88.0,23.0,76.0,94.0,414.69K,184.88K,2443.6,968.1,-13.03
381,ARROWGREEN.NS,768.65,28.00K,Process Industries,Containers/Packaging,88.0,80.0,94.0,92.0,73.81K,38.22K,821.6,341.95,-6.44
382,GHCLTEXTIL.NS,120.08,823.80K,Process Industries,Textiles,88.0,67.0,88.0,85.0,914.34K,836.56K,124.9,65.26,-3.86
383,KTKBANK.NS,306.5,1251.38K,Finance,Regional Banks,88.0,83.0,81.0,87.0,2823.54K,3394.71K,316.8,169.12,-3.25
385,STEELCAS.NS,352.1,84.51K,Non-Energy Minerals,Steel,88.0,88.0,83.0,88.0,224.78K,200.07K,360.8,176.02,-2.41
386,BHARATSE.NS,238.44,230.80K,Producer Manufacturing,Auto Parts: Oem,88.0,72.0,85.0,85.0,953.03K,650.05K,263.18,121.51,-9.4
387,FINCABLES.NS,1320.85,2335.68K,Producer Manufacturing,Electrical Products,88.0,93.0,81.0,91.0,929.98K,3384.79K,1374.0,700.8,-3.87
388,TMB.NS,843.7,95.53K,Finance,Regional Banks,88.0,64.0,82.0,80.0,423.62K,157.57K,917.0,411.8,-7.99
389,RADICO.NS,4693.4,212.50K,Consumer Non-Durables,Beverages: Alcoholic,88.0,85.0,86.0,91.0,387.37K,361.59K,4693.4,2500.0,0.0
392,BHEL.NS,435.95,15348.22K,Producer Manufacturing,Electrical Products,88.0,65.0,63.0,89.0,12945.75K,8155.38K,446.5,205.12,-2.36
394,IZMO.NS,916.25,139.92K,Technology Services,Packaged Software,88.0,3.0,89.0,61.0,133.98K,108.76K,1374.7,372.3,-33.35
396,LLOYDSENGG.NS,91.21,5122.63K,Industrial Services,Engineering & Construction,88.0,63.0,85.0,90.0,17619.83K,18261.81K,99.75,37.4,-8.56
397,HIRECT.NS,1258.6,48.03K,Producer Manufacturing,Electrical Products,88.0,41.0,85.0,92.0,258.46K,146.42K,1399.0,565.2,-10.04
398,ALPHAGEO.NS,338.36,228.94K,Industrial Services,Oilfield Services/Equipment,88.0,98.0,91.0,88.0,26.74K,135.25K,342.8,164.8,-1.3
399,HUHTAMAKI.NS,279.1,139.22K,Process Industries,Containers/Packaging,88.0,89.0,95.0,86.0,1202.29K,270.63K,330.0,148.6,-15.42
400,ADOR.NS,1525.3,22.52K,Producer Manufacturing,Miscellaneous Manufacturing,88.0,83.0,90.0,85.0,46.12K,36.07K,1597.0,848.0,-4.49
401,DCI.NS,382.35,108.52K,Electronic Technology,Telecommunications Equipment,88.0,96.0,86.0,91.0,21.91K,53.65K,475.0,208.98,-19.51
405,GRANULES.NS,861.55,404.89K,Health Technology,Pharmaceuticals: Other,88.0,32.0,73.0,88.0,1189.60K,640.81K,910.0,452.5,-5.32
409,VIDYAWIRES.NS,89.4,686.86K,Non-Energy Minerals,Other Metals/Minerals,87.0,29.0,37.0,93.0,2789.86K,1167.03K,117.35,42.51,-23.82
412,GLAND.NS,2910.2,372.41K,Health Technology,Pharmaceuticals: Major,87.0,85.0,93.0,89.0,900.33K,1418.53K,3039.8,1573.6,-4.26
414,APOLLO.NS,387.05,3975.88K,Electronic Technology,Electronic Production Equipment,87.0,41.0,80.0,90.0,20166.52K,4556.39K,466.5,179.5,-17.03
415,SAILIFE.NS,1416.4,345.57K,Commercial Services,Miscellaneous Commercial Services,87.0,78.0,84.0,89.0,518.92K,761.86K,1475.0,783.85,-3.97
416,ARVIND.NS,552.3,995.64K,Process Industries,Textiles,87.0,62.0,79.0,85.0,909.88K,872.02K,600.0,274.8,-7.95
417,DATAPATTNS.NS,4528.7,382.04K,Electronic Technology,Electronic Production Equipment,87.0,81.0,76.0,90.0,1078.80K,683.58K,4955.9,2131.0,-8.62
418,RBA.NS,99.59,5942.01K,Consumer Services,Restaurants,87.0,97.0,91.0,88.0,12102.13K,40065.16K,103.2,57.15,-3.5
420,TALBROAUTO.NS,423.45,190.67K,Producer Manufacturing,Industrial Machinery,87.0,68.0,85.0,87.0,371.46K,312.32K,451.6,219.9,-6.23
421,SSWL.NS,309.5,433.00K,Producer Manufacturing,Auto Parts: Oem,87.0,87.0,91.0,82.0,1177.63K,680.74K,328.4,169.0,-5.76
422,MPSLTD.NS,2814.8,18.92K,Consumer Services,Publishing: Books/Magazines,87.0,96.0,93.0,91.0,69.87K,53.22K,2979.0,1336.1,-5.51
423,BI.NS,92.17,719.06K,Process Industries,Containers/Packaging,87.0,98.0,90.0,,9.67K,22.81K,92.17,51.62,0.0
424,JGCHEM.NS,600.8,433.87K,Process Industries,Chemicals: Specialty,87.0,96.0,93.0,90.0,422.57K,1697.63K,654.0,298.4,-8.13
425,PNGSREVA.NS,576.45,436.72K,Consumer Durables,Other Consumer Specialties,87.0,97.0,93.0,,364.67K,1112.06K,644.0,324.25,-10.49
428,ATALREAL.NS,35.85,5265.98K,Consumer Durables,Homebuilding,87.0,87.0,81.0,83.0,8424.87K,11334.80K,36.7,17.75,-2.32
429,MOTHERSON.NS,168.06,7659.75K,Producer Manufacturing,Auto Parts: Oem,87.0,87.0,84.0,79.0,24301.00K,30610.46K,172.0,91.1,-2.29
433,AARTISURF.NS,625.65,8.67K,Process Industries,Chemicals: Major Diversified,87.0,98.0,93.0,84.0,38.58K,190.47K,677.7,316.0,-7.68
434,MUNJALAU.NS,119.72,9458.11K,Producer Manufacturing,Auto Parts: Oem,87.0,82.0,86.0,89.0,2338.59K,6739.27K,130.6,67.2,-8.33
435,DEEPINDS.NS,680.7,280.31K,Industrial Services,Oilfield Services/Equipment,87.0,97.0,92.0,91.0,508.58K,888.12K,699.0,330.0,-2.62
437,SMLMAH.NS,5321.0,387.34K,Consumer Durables,Motor Vehicles,87.0,94.0,92.0,74.0,146.07K,187.26K,5987.9,2719.0,-11.14
438,ALIVUS.NS,1394.4,155.50K,Health Technology,Pharmaceuticals: Major,87.0,91.0,85.0,86.0,125.19K,263.13K,1418.0,819.0,-1.66
439,GCSL.NS,492.4,499.10K,Finance,Investment Banks/Brokers,87.0,34.0,82.0,85.0,635.26K,753.94K,542.8,213.15,-9.29
441,SBC.NS,38.75,6191.01K,Distribution Services,Wholesale Distributors,87.0,20.0,70.0,77.0,12541.93K,11308.53K,45.0,15.55,-13.89
442,PVP.NS,37.01,3234.18K,Technology Services,Information Technology Services,87.0,93.0,87.0,74.0,996.72K,3343.84K,39.41,18.49,-6.09
444,NITINSPIN.NS,553.75,84.70K,Process Industries,Textiles,86.0,54.0,65.0,89.0,130.59K,171.28K,599.0,302.2,-7.55
446,SKMEGGPROD.NS,259.42,183.30K,Process Industries,Agricultural Commodities/Milling,86.0,2.0,90.0,79.0,1343.69K,578.66K,372.0,143.1,-30.26
447,LUMAXTECH.NS,2049.0,134.82K,Producer Manufacturing,Auto Parts: Oem,86.0,97.0,81.0,76.0,270.45K,853.11K,2110.0,1024.6,-2.89
450,PAUSHAKLTD.NS,734.2,30.34K,Process Industries,Chemicals: Major Diversified,86.0,94.0,94.0,89.0,59.71K,197.20K,780.6,342.5,-5.94
452,KOTYARK.NS,38.27,19.08K,Process Industries,Industrial Specialties,86.0,78.0,29.0,94.0,320.47K,415.67K,45.5,17.38,-15.89
453,HINDCOPPER.NS,572.65,29330.58K,Non-Energy Minerals,Other Metals/Minerals,86.0,88.0,40.0,40.0,5394.06K,13739.82K,760.05,226.7,-24.66
454,ASKAUTOLTD.NS,649.2,495.60K,Producer Manufacturing,Auto Parts: Oem,86.0,95.0,89.0,85.0,691.51K,3252.49K,687.7,375.3,-5.6
458,ELPROINTL.NS,175.32,25.91K,Electronic Technology,Electronic Components,86.0,52.0,57.0,,65.45K,109.32K,180.89,102.0,-3.08
459,MSTCLTD.NS,653.2,843.73K,Retail Trade,Internet Retail,86.0,79.0,93.0,79.0,1342.03K,223.31K,743.9,362.15,-12.19
460,RAIN.NS,205.91,2704.19K,Process Industries,Industrial Specialties,86.0,51.0,86.0,75.0,6404.44K,8794.97K,252.0,99.9,-18.29
461,DYCL.NS,465.35,712.81K,Producer Manufacturing,Electrical Products,86.0,88.0,92.0,85.0,1170.39K,656.19K,520.0,236.8,-10.51
463,SICALLOG.NS,109.95,107.42K,Transportation,Other Transportation,86.0,91.0,95.0,74.0,67.89K,48.08K,122.5,60.11,-10.24
464,APOLLOPIPE.NS,545.3,816.96K,Producer Manufacturing,Miscellaneous Manufacturing,86.0,76.0,53.0,91.0,244.72K,507.32K,554.0,252.1,-1.57
465,SHIVAUM.NS,445.1,1.00K,Producer Manufacturing,Metal Fabrication,86.0,74.0,87.0,90.0,15.02K,17.56K,474.05,275.0,-6.11
466,OMAXAUTO.NS,195.24,92.18K,Producer Manufacturing,Auto Parts: Oem,86.0,7.0,38.0,90.0,73.15K,128.09K,263.4,84.5,-25.88
467,DOLPHIN.NS,576.85,274.63K,Industrial Services,Oilfield Services/Equipment,86.0,97.0,89.0,82.0,33.96K,142.43K,585.6,322.0,-1.49
469,MANORAMA.NS,1943.4,7246.90K,Consumer Non-Durables,Food: Specialty/Candy,86.0,91.0,89.0,81.0,272.13K,861.30K,2043.0,1060.6,-4.88
473,UCAL.NS,151.87,556.45K,Producer Manufacturing,Auto Parts: Oem,86.0,93.0,92.0,80.0,27.53K,47.41K,159.7,77.0,-4.9
477,POWERINDIA.NS,35450.0,53.44K,Electronic Technology,Electronic Equipment/Instruments,86.0,70.0,61.0,89.0,173.51K,160.73K,38785.0,16111.0,-8.6
478,JAYBARMARU.NS,127.72,228.31K,Distribution Services,Wholesale Distributors,86.0,1.0,91.0,76.0,1678.92K,622.89K,207.0,74.15,-38.3
479,ASAHISONG.NS,357.0,9.25K,Process Industries,Chemicals: Specialty,85.0,95.0,93.0,87.0,49.07K,30.07K,413.95,179.64,-13.76
480,AMBALALSA.NS,45.7,458.56K,Health Technology,Pharmaceuticals: Major,85.0,97.0,89.0,,179.07K,620.40K,49.98,30.15,-8.56
481,OFSS.NS,11789.0,128.40K,Technology Services,Packaged Software,85.0,54.0,81.0,90.0,349.09K,205.68K,11979.0,6234.5,-1.59
484,APCOTEXIND.NS,605.45,145.63K,Process Industries,Chemicals: Specialty,85.0,85.0,81.0,90.0,291.58K,257.26K,712.0,310.45,-14.96
485,FEDERALBNK.NS,354.1,3614.44K,Finance,Major Banks,85.0,76.0,82.0,75.0,11052.58K,3985.06K,371.7,188.4,-4.74
487,WHEELS.NS,1417.5,50.68K,Producer Manufacturing,Auto Parts: Oem,85.0,37.0,18.0,90.0,198.30K,76.90K,1808.0,705.85,-21.6
488,ACMESOLAR.NS,364.9,1019.18K,Industrial Services,Engineering & Construction,85.0,21.0,85.0,90.0,2301.72K,1444.78K,398.65,195.9,-8.47
490,DALMIASUG.NS,459.6,1569.18K,Process Industries,Agricultural Commodities/Milling,85.0,93.0,86.0,88.0,494.06K,1833.37K,464.4,261.4,-1.03
491,ESAFSFB.NS,39.26,342.39K,Finance,Regional Banks,85.0,82.0,89.0,82.0,3039.70K,3798.63K,44.25,19.78,-11.28
493,BAJAJCON.NS,481.4,1595.26K,Consumer Non-Durables,Household/Personal Care,85.0,8.0,19.0,77.0,848.42K,533.85K,692.0,220.1,-30.43
494,TCPLPACK.NS,4037.6,9.83K,Commercial Services,Commercial Printing/Forms,85.0,93.0,93.0,82.0,16.70K,72.31K,4410.9,2200.0,-8.46
501,ZIMLAB.NS,115.2,140.40K,Health Technology,Pharmaceuticals: Generic,85.0,32.0,74.0,87.0,51.95K,53.50K,133.9,59.31,-13.97
502,UJJIVANSFB.NS,72.21,9089.54K,Finance,Regional Banks,85.0,82.0,85.0,66.0,17416.77K,13118.25K,73.29,41.78,-1.47
503,MANCREDIT.NS,236.73,89.69K,Finance,Finance/Rental/Leasing,85.0,55.0,90.0,87.0,410.50K,339.94K,287.27,152.06,-17.59
504,INDNIPPON.NS,1138.5,20.93K,Producer Manufacturing,Auto Parts: Oem,85.0,27.0,92.0,86.0,76.62K,48.94K,1278.2,675.0,-10.93
505,PARACABLES.NS,63.55,2523.23K,Producer Manufacturing,Electrical Products,85.0,48.0,72.0,90.0,3002.05K,2254.20K,75.7,28.3,-16.05
506,ANANDRATHI.NS,2176.0,188.68K,Finance,Investment Managers,85.0,67.0,78.0,86.0,576.24K,272.85K,2230.0,1353.85,-2.42
507,KERNEX.NS,1751.7,1555.95K,Electronic Technology,Computer Communications,85.0,4.0,81.0,87.0,354.62K,588.22K,2580.0,850.0,-32.1
509,GRANDOAK.NS,38.15,6.95K,Finance,Finance/Rental/Leasing,85.0,8.0,91.0,,54.17K,7.10K,55.76,24.0,-31.58
510,EMMVEE.NS,320.75,1588.23K,Electronic Technology,Semiconductors,85.0,23.0,82.0,89.0,3582.59K,1500.56K,371.55,171.51,-13.67
514,KWIL.NS,38.79,84494.41K,Consumer Non-Durables,Food: Meat/Fish/Dairy,85.0,89.0,91.0,,14441.43K,16066.27K,39.45,22.24,-1.67
516,LLOYDSME.NS,1942.0,263.96K,Non-Energy Minerals,Steel,84.0,67.0,69.0,89.0,560.78K,698.29K,2125.0,1042.9,-8.61
517,HESTERBIO.NS,2417.6,3.10K,Health Technology,Pharmaceuticals: Major,84.0,48.0,85.0,90.0,33.63K,5.91K,2683.6,1239.3,-9.91
519,RSL.NS,164.9,324.45K,Non-Energy Minerals,Steel,84.0,93.0,75.0,,556.10K,1297.28K,171.99,101.7,-4.12
520,SIGIND.NS,71.15,65.12K,Process Industries,Chemicals: Specialty,84.0,98.0,89.0,84.0,42.09K,193.88K,74.95,40.66,-5.07
524,SEAMECLTD.NS,1561.1,198.73K,Industrial Services,Oilfield Services/Equipment,84.0,84.0,53.0,67.0,111.92K,136.21K,1709.2,771.75,-8.66
525,MAWANASUG.NS,124.06,854.32K,Consumer Non-Durables,Food: Specialty/Candy,84.0,78.0,71.0,89.0,95.97K,266.12K,125.88,75.08,-1.45
526,TATVA.NS,1685.8,69.14K,Process Industries,Chemicals: Specialty,84.0,91.0,86.0,86.0,150.72K,61.04K,1838.1,976.4,-8.29
527,KENNAMET.NS,3551.7,31.25K,Producer Manufacturing,Metal Fabrication,84.0,93.0,78.0,,20.48K,60.67K,3775.0,2405.2,-5.92
530,CRAFTSMAN.NS,10480.0,51.66K,Producer Manufacturing,Trucks/Construction/Farm Machinery,84.0,86.0,80.0,81.0,70.54K,37.99K,10762.0,6324.0,-2.62
532,KISSHT.NS,304.6,949.00K,Finance,Finance/Rental/Leasing,84.0,45.0,91.0,,3127.63K,1536.03K,351.5,190.0,-13.34
537,ACSTECH.NS,50.92,293.70K,Process Industries,Textiles,84.0,91.0,92.0,,290.81K,478.94K,53.56,31.71,-4.93
539,WELINV.NS,1857.5,0.19K,Finance,Investment Banks/Brokers,84.0,59.0,59.0,84.0,0.94K,0.12K,1980.0,865.0,-6.19
540,ABB.NS,7660.0,93.93K,Producer Manufacturing,Electrical Products,84.0,51.0,76.0,80.0,375.82K,340.07K,7924.5,4637.5,-3.34
542,MANAKSTEEL.NS,85.03,67.61K,Non-Energy Minerals,Steel,84.0,77.0,88.0,79.0,58.30K,183.97K,89.9,45.11,-5.42
543,SUNDRMFAST.NS,1214.75,165.66K,Producer Manufacturing,Auto Parts: Oem,84.0,93.0,90.0,80.0,150.07K,357.08K,1243.35,730.1,-2.3
544,KINGFA.NS,6087.5,143.47K,Process Industries,Chemicals: Specialty,84.0,89.0,74.0,82.0,9.92K,21.89K,6200.0,3649.9,-1.81
546,AEROENTER.NS,125.73,379.75K,Producer Manufacturing,Industrial Machinery,84.0,69.0,80.0,88.0,1078.88K,577.55K,149.55,62.2,-15.93
548,SAHYADRI.NS,388.15,152.37K,Non-Energy Minerals,Construction Materials,84.0,96.0,80.0,88.0,12.54K,50.36K,401.1,200.1,-3.23
550,MINDACORP.NS,725.15,587.78K,Producer Manufacturing,Auto Parts: Oem,84.0,72.0,88.0,74.0,665.02K,1075.73K,769.0,468.5,-5.7
551,AKSHARCHEM.NS,303.07,17.91K,Process Industries,Chemicals: Specialty,84.0,93.0,92.0,82.0,12.78K,13.54K,330.8,141.3,-8.38
552,REDINGTON.NS,332.8,2339.10K,Distribution Services,Electronics Distributors,83.0,90.0,92.0,74.0,7261.48K,11972.79K,364.5,191.31,-8.7
553,VIJAYA.NS,1506.6,130.30K,Health Services,Medical/Nursing Services,83.0,83.0,71.0,87.0,289.94K,359.48K,1573.0,848.0,-4.22
554,PAYTM.NS,1580.2,2135.36K,Finance,Finance/Rental/Leasing,83.0,88.0,90.0,83.0,3355.32K,6119.38K,1657.6,930.6,-4.67
560,ARFIN.NS,83.69,1626.00K,Non-Energy Minerals,Aluminum,83.0,30.0,23.0,61.0,2201.50K,1714.21K,106.2,32.0,-21.2
561,IFCI.NS,78.93,32114.25K,Finance,Finance/Rental/Leasing,83.0,78.0,82.0,73.0,56562.85K,15103.00K,95.8,46.23,-17.61
562,GAUDIUMIVF.NS,120.77,24.59K,Health Services,Medical/Nursing Services,83.0,10.0,67.0,,149.55K,106.34K,163.18,69.18,-25.99
564,MANINDS.NS,630.35,900.73K,Producer Manufacturing,Industrial Machinery,83.0,86.0,67.0,91.0,824.90K,1483.41K,638.7,302.05,-1.31
565,ROLEXRINGS.NS,179.46,2473.52K,Producer Manufacturing,Metal Fabrication,83.0,84.0,81.0,83.0,3234.93K,13350.60K,181.8,99.79,-1.29
566,MAHESHWARI.NS,72.0,12.41K,Transportation,Air Freight/Couriers,83.0,40.0,88.0,89.0,30.84K,15.15K,75.5,39.04,-4.64
567,AYMSYNTEX.NS,271.9,52.70K,Process Industries,Textiles,83.0,86.0,76.0,86.0,46.55K,60.18K,281.22,141.53,-3.31
568,ICIL.NS,388.7,373.06K,Process Industries,Textiles,83.0,43.0,86.0,77.0,961.07K,646.25K,463.8,216.9,-16.19
570,WABAG.NS,1897.6,347.37K,Industrial Services,Engineering & Construction,83.0,20.0,87.0,86.0,752.30K,421.74K,2253.5,1033.0,-15.79
571,JINDALSAW.NS,270.4,421.19K,Non-Energy Minerals,Steel,83.0,55.0,74.0,85.0,2014.94K,1278.85K,281.0,153.0,-3.77
574,ORCHPHARMA.NS,998.35,197.59K,Health Technology,Pharmaceuticals: Major,83.0,21.0,89.0,85.0,190.35K,80.31K,1133.0,480.0,-11.88
577,BHARATFORG.NS,2093.0,1157.72K,Producer Manufacturing,Metal Fabrication,83.0,34.0,64.0,79.0,1195.37K,1702.07K,2295.0,1100.5,-8.8
578,GUFICBIO.NS,418.2,297.87K,Health Technology,Pharmaceuticals: Major,83.0,75.0,91.0,81.0,269.91K,114.36K,448.0,268.0,-6.65
579,NAHARSPING.NS,296.7,37.28K,Process Industries,Textiles,83.0,69.0,70.0,89.0,25.69K,100.14K,349.0,149.2,-14.99
580,BELRISE.NS,236.09,17254.12K,Producer Manufacturing,Auto Parts: Oem,83.0,67.0,69.0,79.0,4985.27K,4967.67K,268.2,135.16,-11.97
581,TVSSRICHAK.NS,4868.9,298.65K,Consumer Durables,Automotive Aftermarket,83.0,88.0,88.0,66.0,18.95K,87.15K,4925.0,2812.0,-1.14
582,VSSL.NS,361.55,453.41K,Non-Energy Minerals,Steel,83.0,91.0,84.0,83.0,147.91K,365.62K,375.95,206.4,-3.83
583,GOCLCORP.NS,408.0,74.78K,Process Industries,Industrial Specialties,83.0,56.0,87.0,87.0,170.85K,268.43K,459.9,223.35,-11.29
585,SHRIRAMFIN.NS,1122.0,2105.06K,Finance,Finance/Rental/Leasing,83.0,77.0,76.0,58.0,5656.68K,5022.24K,1153.7,566.5,-2.75
586,SUNDRMBRAK.NS,899.8,7.95K,Producer Manufacturing,Auto Parts: Oem,83.0,81.0,91.0,87.0,4.95K,3.07K,920.0,460.0,-2.2
587,LENSKART.NS,607.6,21873.91K,Health Technology,Medical Specialties,83.0,84.0,83.0,78.0,6654.05K,6746.20K,626.95,356.1,-3.09
588,THYROCARE.NS,618.6,299.78K,Health Services,Medical/Nursing Services,83.0,89.0,87.0,88.0,805.05K,1266.22K,662.0,342.55,-6.56
589,HALDYNGL.NS,126.36,26.41K,Process Industries,Containers/Packaging,83.0,71.0,78.0,,86.35K,67.88K,139.19,85.0,-9.22
590,ASIANENE.NS,425.25,1788.15K,Energy Minerals,Oil & Gas Production,82.0,87.0,87.0,90.0,535.14K,447.72K,432.0,230.0,-1.56
592,RKFORGE.NS,755.0,1027.32K,Producer Manufacturing,Metal Fabrication,82.0,95.0,86.0,81.0,1244.22K,1807.94K,763.5,460.15,-1.11
593,SATIN.NS,228.73,467.39K,Finance,Finance/Rental/Leasing,82.0,14.0,52.0,86.0,632.68K,430.41K,274.14,133.01,-16.56
594,GAEL.NS,172.75,528.61K,Consumer Non-Durables,Food: Specialty/Candy,82.0,89.0,57.0,77.0,1294.35K,2027.03K,184.03,101.2,-6.13
595,EXIDEIND.NS,475.7,3024.76K,Producer Manufacturing,Auto Parts: Oem,82.0,83.0,87.0,84.0,4921.34K,4628.32K,496.4,287.0,-4.17
596,RICOAUTO.NS,132.9,1748.43K,Producer Manufacturing,Auto Parts: Oem,82.0,70.0,73.0,46.0,3741.90K,4007.57K,157.99,78.92,-15.88
599,KAMDHENU.NS,33.85,449.02K,Non-Energy Minerals,Steel,82.0,64.0,87.0,87.0,1424.70K,591.58K,37.06,16.15,-8.66
600,PREMEXPLN.NS,672.65,642.27K,Process Industries,Chemicals: Specialty,82.0,55.0,83.0,81.0,1141.01K,286.15K,829.8,378.4,-18.94
601,GANESHBE.NS,118.13,64.03K,Process Industries,Chemicals: Specialty,82.0,79.0,82.0,86.0,851.07K,147.24K,129.99,68.4,-9.12
603,EMAMIPAP.NS,113.91,26.22K,Process Industries,Pulp & Paper,82.0,92.0,91.0,80.0,132.64K,40.66K,133.7,55.0,-14.8
604,GABRIEL.NS,1442.5,156.66K,Producer Manufacturing,Auto Parts: Oem,82.0,71.0,85.0,87.0,563.29K,418.59K,1600.0,795.7,-9.84
605,UNICHEMLAB.NS,543.3,126.19K,Health Technology,Pharmaceuticals: Major,82.0,21.0,90.0,84.0,901.78K,472.92K,687.2,278.2,-20.94
606,STOVEKRAFT.NS,748.5,95.57K,Consumer Durables,Electronics/Appliances,82.0,39.0,87.0,84.0,244.36K,594.14K,849.8,447.05,-11.92
608,SANGAMIND.NS,592.45,11.49K,Process Industries,Textiles,82.0,24.0,78.0,74.0,117.66K,27.40K,672.5,341.55,-11.9
609,CMPDI.NS,235.18,1439.52K,Commercial Services,Miscellaneous Commercial Services,82.0,21.0,53.0,,3819.49K,1279.11K,283.69,150.16,-17.1
611,DCMSIL.NS,74.26,202.69K,Process Industries,Textiles,82.0,12.0,75.0,,45.66K,64.29K,105.27,49.5,-29.46
612,CORONA.NS,2113.1,9.65K,Health Technology,Pharmaceuticals: Major,82.0,60.0,75.0,79.0,46.61K,61.99K,2270.1,1336.6,-6.92
614,SOLARINDS.NS,20000.0,153.63K,Process Industries,Industrial Specialties,82.0,77.0,81.0,86.0,160.58K,170.03K,20400.0,11646.0,-1.96
615,PRADPME.NS,499.1,5.58K,Producer Manufacturing,Metal Fabrication,82.0,18.0,83.0,,24.99K,5.55K,596.0,357.05,-16.26
616,RAMCOSYS.NS,594.2,103.97K,Technology Services,Information Technology Services,82.0,1.0,93.0,60.0,2353.44K,219.35K,967.5,342.1,-38.58
618,DBOL.NS,121.08,417.02K,Process Industries,Agricultural Commodities/Milling,82.0,82.0,62.0,73.0,84.90K,227.04K,130.73,69.0,-7.38
619,BUILDPRO.NS,1244.2,27.90K,Distribution Services,Wholesale Distributors,82.0,51.0,59.0,86.0,101.16K,146.93K,1380.0,636.0,-9.84
620,STEL.NS,591.4,4.70K,Finance,Financial Conglomerates,82.0,73.0,85.0,73.0,10.13K,2.35K,657.3,380.0,-10.03
622,INDORAMA.NS,54.76,98.51K,Process Industries,Textiles,82.0,74.0,92.0,77.0,382.41K,563.75K,75.0,29.0,-26.99
624,NATIONALUM.NS,387.55,9722.40K,Non-Energy Minerals,Aluminum,82.0,85.0,35.0,56.0,11521.80K,12084.84K,445.15,183.86,-12.94
625,LMW.NS,20047.0,22.27K,Producer Manufacturing,Industrial Machinery,82.0,92.0,88.0,76.0,4.68K,8.34K,20151.0,11920.0,-0.52
626,NAVINFLUOR.NS,8151.0,123.00K,Process Industries,Chemicals: Specialty,82.0,72.0,72.0,75.0,209.59K,579.63K,8775.5,4498.5,-7.12
627,KANPRPLA.NS,262.85,184.55K,Producer Manufacturing,Miscellaneous Manufacturing,81.0,95.0,85.0,82.0,41.84K,120.03K,272.2,151.25,-3.43
628,DREDGECORP.NS,1160.5,128.38K,Transportation,Marine Shipping,81.0,86.0,86.0,66.0,489.26K,278.07K,1286.0,538.0,-9.76
629,STYL.NS,398.3,87.47K,Technology Services,Packaged Software,81.0,50.0,94.0,88.0,274.81K,213.99K,437.45,209.11,-8.95
630,FLUOROCHEM.NS,4707.5,283.48K,Process Industries,Chemicals: Specialty,81.0,84.0,82.0,81.0,175.58K,336.65K,4958.9,2916.6,-5.07
631,GOLDIAM.NS,374.4,1336.27K,Consumer Durables,Other Consumer Specialties,81.0,77.0,86.0,73.0,1557.50K,1943.51K,398.2,198.75,-5.98
633,KEI.NS,5873.0,343.81K,Producer Manufacturing,Electrical Products,81.0,90.0,71.0,78.0,386.57K,755.89K,5880.0,3728.7,-0.12
636,AURUM.NS,229.12,115.67K,Technology Services,Packaged Software,81.0,30.0,84.0,78.0,309.89K,324.79K,264.64,151.9,-13.42
637,SPARC.NS,197.36,521.73K,Health Technology,Pharmaceuticals: Major,81.0,2.0,77.0,85.0,5461.68K,1021.43K,289.0,108.0,-31.71
638,WSTCSTPAPR.NS,605.5,159.99K,Producer Manufacturing,Office Equipment/Supplies,81.0,85.0,84.0,83.0,232.74K,461.78K,645.0,375.0,-6.12
642,MMP.NS,350.0,96.92K,Non-Energy Minerals,Other Metals/Minerals,81.0,91.0,83.0,84.0,57.41K,135.13K,361.6,185.2,-3.21
644,CARTRADE.NS,2796.9,91.97K,Technology Services,Internet Software/Services,81.0,49.0,93.0,78.0,985.47K,214.83K,3290.5,1600.0,-15.0
645,DIVISLAB.NS,8481.5,252.02K,Health Technology,Pharmaceuticals: Major,81.0,88.0,80.0,83.0,452.98K,589.68K,8674.0,5636.5,-2.22
646,DAICHI.NS,329.9,14.11K,Process Industries,Chemicals: Specialty,81.0,71.0,85.0,,8.26K,3.96K,350.0,229.9,-5.74
650,TVSMOTOR.NS,4385.9,604.29K,Consumer Durables,Motor Vehicles,81.0,91.0,85.0,69.0,1269.12K,1005.41K,4475.0,3132.4,-1.99
653,IIFL.NS,630.05,743.88K,Finance,Finance/Rental/Leasing,81.0,84.0,88.0,72.0,2310.39K,1407.77K,675.0,409.1,-6.66
655,SAREGAMA.NS,523.4,754.50K,Consumer Services,Movies/Entertainment,81.0,72.0,85.0,87.0,1696.34K,1300.67K,574.5,307.05,-8.89
656,MOLDTECH.NS,179.6,45.16K,Industrial Services,Engineering & Construction,81.0,97.0,90.0,79.0,157.05K,667.58K,221.0,101.1,-18.73
657,AUROPHARMA.NS,1627.2,998.34K,Health Technology,Pharmaceuticals: Other,81.0,69.0,59.0,82.0,1271.60K,1259.44K,1682.4,1016.1,-3.28
658,POLYPLEX.NS,1210.8,195.19K,Process Industries,Chemicals: Specialty,81.0,84.0,86.0,83.0,161.56K,185.53K,1264.0,740.0,-4.21
659,NDLVENTURE.NS,123.56,18.60K,Consumer Services,Cable/Satellite Tv,81.0,36.0,50.0,82.0,26.81K,56.79K,140.0,80.0,-11.74
660,RAMRAT.NS,467.5,106.83K,Producer Manufacturing,Electrical Products,81.0,79.0,65.0,85.0,282.14K,346.23K,520.0,268.0,-10.1
663,AUSOMENT.NS,144.39,0.82K,Finance,Investment Banks/Brokers,80.0,83.0,57.0,78.0,3.90K,5.70K,178.0,93.0,-18.88
664,CENTUM.NS,3362.6,187.24K,Electronic Technology,Electronic Components,80.0,15.0,66.0,84.0,57.31K,48.69K,3968.8,2044.2,-15.27
665,AMANTA.NS,164.13,248.34K,Health Technology,Pharmaceuticals: Major,80.0,48.0,82.0,89.0,219.19K,36.34K,189.0,92.0,-13.16
667,AJANTPHARM.NS,3718.2,110.43K,Health Technology,Pharmaceuticals: Major,80.0,77.0,71.0,79.0,124.52K,85.91K,3738.0,2329.9,-0.53
668,TITAN.NS,5068.5,565.19K,Consumer Durables,Other Consumer Specialties,80.0,78.0,77.0,71.0,934.89K,1224.00K,5168.0,3303.1,-1.93
669,CONSOFINVT.NS,271.95,1.70K,Finance,Financial Conglomerates,80.0,54.0,78.0,72.0,17.86K,9.34K,320.0,152.0,-15.02
670,NYKAA.NS,327.05,2939.84K,Retail Trade,Internet Retail,80.0,54.0,76.0,69.0,8081.90K,8532.17K,348.0,215.59,-6.02
671,J&KBANK.NS,147.97,5609.27K,Finance,Regional Banks,80.0,4.0,68.0,84.0,5283.05K,3156.11K,201.75,97.35,-26.66
673,CAPLIPOINT.NS,2522.0,99.79K,Health Technology,Pharmaceuticals: Major,80.0,38.0,82.0,86.0,157.44K,108.29K,2699.0,1500.3,-6.56
674,TINNARUBR.NS,1030.3,106.03K,Process Industries,Industrial Specialties,80.0,69.0,89.0,85.0,153.25K,66.28K,1322.0,527.45,-22.07
675,NGIL.NS,40.73,16.29K,Consumer Non-Durables,Food: Specialty/Candy,80.0,65.0,41.0,88.0,29.19K,63.25K,43.89,22.01,-7.2
676,INNOVACAP.NS,1038.45,43.90K,Health Technology,Pharmaceuticals: Major,80.0,61.0,77.0,86.0,66.95K,119.09K,1120.0,622.0,-7.28
677,HMVL.NS,90.97,36.33K,Consumer Services,Publishing: Newspapers,80.0,49.0,89.0,76.0,84.45K,159.08K,108.16,55.2,-15.89
678,BEPL.NS,122.89,858.96K,Process Industries,Industrial Specialties,80.0,82.0,83.0,84.0,4303.74K,1656.74K,138.5,74.2,-11.27
681,AVTNPL.NS,88.1,2763.36K,Consumer Non-Durables,Food: Specialty/Candy,80.0,92.0,85.0,77.0,101.37K,293.46K,89.0,53.5,-1.01
684,PFOCUS.NS,266.4,357.75K,Consumer Services,Movies/Entertainment,80.0,18.0,59.0,40.0,625.18K,578.57K,367.0,139.04,-27.41
686,NILKAMAL.NS,1810.0,25.97K,Consumer Durables,Home Furnishings,80.0,95.0,89.0,75.0,93.02K,86.33K,1983.5,1050.5,-8.75
689,PIXTRANS.NS,1938.8,27.20K,Producer Manufacturing,Miscellaneous Manufacturing,80.0,69.0,83.0,80.0,115.59K,173.73K,2089.0,1252.0,-7.19
690,BALRAMCHIN.NS,655.75,1396.17K,Process Industries,Agricultural Commodities/Milling,80.0,78.0,78.0,85.0,689.63K,965.14K,665.5,393.55,-1.47
692,PRECOT.NS,698.45,16.35K,Process Industries,Textiles,80.0,5.0,54.0,81.0,9.45K,15.62K,899.0,300.05,-22.31
694,DHAMPURSUG.NS,170.87,1381.54K,Process Industries,Agricultural Commodities/Milling,80.0,90.0,76.0,84.0,313.83K,791.78K,175.12,110.0,-2.43
695,KOPRAN.NS,199.71,183.41K,Health Technology,Pharmaceuticals: Major,80.0,43.0,83.0,84.0,598.11K,150.84K,219.0,107.0,-8.81
697,WEWORK.NS,707.8,290.97K,Finance,Real Estate Development,80.0,68.0,91.0,71.0,560.77K,331.20K,794.5,420.0,-10.91
698,TBOTEK.NS,1700.0,291.24K,Technology Services,Internet Software/Services,80.0,87.0,90.0,67.0,259.21K,350.34K,1764.8,1004.2,-3.67
699,MODTHREAD.NS,57.64,191.61K,Process Industries,Textiles,80.0,92.0,81.0,81.0,1.52K,0.84K,62.0,35.61,-7.03
700,MAYURUNIQ.NS,732.2,121.23K,Process Industries,Textiles,79.0,11.0,72.0,76.0,291.65K,149.64K,907.0,471.2,-19.27
701,SAIPARENT.NS,551.95,92.97K,Health Technology,Pharmaceuticals: Major,79.0,37.0,70.0,,285.97K,185.31K,706.0,400.0,-21.82
702,GRINDWELL.NS,2163.5,21.12K,Process Industries,Industrial Specialties,79.0,16.0,72.0,80.0,87.96K,27.79K,2455.0,1329.0,-11.87
703,HEG.NS,698.3,1071.28K,Electronic Technology,Electronic Components,79.0,85.0,66.0,78.0,1689.05K,1491.01K,711.2,459.8,-1.81
704,AARVI.NS,152.6,22.92K,Commercial Services,Personnel Services,79.0,62.0,81.0,69.0,50.90K,30.75K,168.4,111.9,-9.38
707,AYE.NS,169.77,352.12K,Finance,Finance/Rental/Leasing,79.0,60.0,87.0,,1648.09K,673.39K,197.29,88.22,-13.95
710,TI.NS,580.55,1006.97K,Consumer Non-Durables,Beverages: Alcoholic,79.0,94.0,87.0,79.0,765.84K,2033.82K,583.75,381.55,-0.55
713,UGARSUGAR.NS,52.18,1500.29K,Process Industries,Agricultural Commodities/Milling,79.0,95.0,77.0,83.0,209.24K,564.87K,53.9,33.75,-3.19
715,TATATECH.NS,841.65,724.49K,Technology Services,Packaged Software,79.0,79.0,87.0,82.0,1803.53K,3625.39K,891.0,507.4,-5.54
716,ORBTEXP.NS,230.73,9.33K,Process Industries,Textiles,79.0,52.0,90.0,74.0,40.28K,45.66K,278.61,135.0,-17.19
717,POWERICA.NS,560.35,114.61K,Producer Manufacturing,Electrical Products,79.0,29.0,49.0,,379.01K,246.11K,676.95,365.1,-17.22
718,WOCKPHARMA.NS,1898.8,341.47K,Health Technology,Pharmaceuticals: Major,79.0,52.0,77.0,81.0,1666.28K,853.56K,2422.3,1086.7,-21.61
721,ANTELOPUS.NS,800.9,240.20K,Energy Minerals,Integrated Oil,79.0,41.0,57.0,84.0,148.82K,141.71K,933.65,357.0,-14.22
722,RML.NS,1084.7,18.32K,Producer Manufacturing,Auto Parts: Oem,79.0,8.0,77.0,79.0,90.68K,103.20K,1323.9,608.5,-18.07
724,ZENTEC.NS,1864.5,388.35K,Technology Services,Information Technology Services,79.0,71.0,76.0,84.0,744.49K,410.91K,2024.0,1223.0,-7.88
725,IL&FSENGG.NS,35.79,8.87K,Industrial Services,Engineering & Construction,79.0,93.0,86.0,80.0,26.18K,23.59K,37.46,21.0,-4.46
726,ELANTAS.NS,11705.5,2.15K,Process Industries,Industrial Specialties,79.0,93.0,83.0,,2.55K,10.12K,13200.0,8900.0,-11.32
728,TMCV.NS,470.4,5102.96K,Consumer Durables,Motor Vehicles,79.0,84.0,80.0,47.0,9064.81K,10275.55K,509.0,306.3,-7.58
729,SONAMLTD.NS,57.39,69.53K,Consumer Durables,Other Consumer Specialties,79.0,46.0,65.0,84.0,56.93K,23.30K,63.0,37.4,-8.9
732,OMAXE.NS,100.83,3203.46K,Finance,Real Estate Development,79.0,67.0,82.0,77.0,2149.93K,4012.69K,108.61,62.5,-7.16
733,ADVAIT.NS,2079.2,30.73K,Producer Manufacturing,Electrical Products,79.0,45.0,62.0,73.0,66.06K,77.17K,2485.0,1351.0,-16.33
734,NURECA.NS,340.3,6.07K,Health Technology,Medical Specialties,79.0,92.0,80.0,69.0,37.52K,23.06K,358.0,204.0,-4.94
735,ADANIPOWER.NS,203.56,17112.99K,Utilities,Electric Utilities,79.0,31.0,25.0,83.0,30398.81K,14223.68K,254.2,116.7,-19.92
737,SASKEN.NS,1919.5,12.08K,Technology Services,Information Technology Services,78.0,29.0,64.0,88.0,83.43K,24.94K,2780.2,991.0,-30.96
739,GKSL.NS,151.36,3424.78K,Health Services,Hospital/Nursing Management,78.0,88.0,64.0,83.0,317.74K,381.36K,152.99,98.36,-1.07
742,GLOBAL.NS,107.47,255.17K,Commercial Services,Miscellaneous Commercial Services,78.0,69.0,49.0,72.0,72.19K,71.77K,121.9,55.3,-11.84
743,ELECTHERM.NS,974.8,15.26K,Non-Energy Minerals,Steel,78.0,19.0,87.0,74.0,95.33K,30.51K,1277.0,551.0,-23.66
744,IPCALAB.NS,1884.6,6964.88K,Health Technology,Pharmaceuticals: Major,78.0,50.0,74.0,79.0,281.35K,375.19K,1945.1,1251.6,-3.11
746,EXICOM.NS,148.32,510.43K,Producer Manufacturing,Electrical Products,78.0,20.0,86.0,84.0,6279.66K,1562.10K,182.9,75.6,-18.91
747,SCHNEIDER.NS,1212.2,2282.08K,Producer Manufacturing,Electrical Products,78.0,31.0,46.0,89.0,464.31K,304.93K,1548.0,571.85,-21.69
748,RAYMOND.NS,647.85,1136.17K,Process Industries,Textiles,78.0,75.0,83.0,89.0,759.07K,610.36K,679.0,320.0,-4.59
750,CLEANMAX.NS,1239.9,35.72K,Utilities,Alternative Power Generation,78.0,35.0,34.0,,281.52K,196.59K,1536.0,727.1,-19.28
752,PIRAMALFIN.NS,2066.1,136.72K,Finance,Finance/Rental/Leasing,78.0,28.0,62.0,71.0,328.96K,162.22K,2220.0,1260.0,-6.93
753,BOSCHLTD.NS,46970.0,29.49K,Producer Manufacturing,Auto Parts: Oem,78.0,85.0,80.0,80.0,43.33K,57.50K,47730.0,28610.0,-1.59
754,CARYSIL.NS,1155.8,116.44K,Consumer Durables,Home Furnishings,78.0,27.0,82.0,73.0,177.67K,149.10K,1280.9,732.1,-9.77
756,GALAPREC.NS,1018.0,31.40K,Producer Manufacturing,Metal Fabrication,78.0,6.0,75.0,77.0,91.39K,62.92K,1260.0,671.2,-19.21
757,APEX.NS,422.55,907.50K,Consumer Non-Durables,Food: Meat/Fish/Dairy,78.0,65.0,21.0,63.0,358.51K,1001.00K,514.5,208.74,-17.87
760,RSDFIN.NS,106.49,0.28K,Finance,Financial Conglomerates,78.0,94.0,83.0,,10.15K,37.52K,168.48,65.6,-36.79
762,NEPHROPLUS.NS,694.65,111.67K,Health Services,Medical/Nursing Services,78.0,77.0,59.0,80.0,219.71K,162.25K,769.75,446.0,-9.76
763,KARURVYSYA.NS,334.0,1638.42K,Finance,Regional Banks,78.0,76.0,69.0,52.0,3984.30K,1553.45K,351.8,201.82,-5.06
764,MCX.NS,2933.1,1222.50K,Finance,Investment Banks/Brokers,78.0,74.0,16.0,71.0,3088.85K,3196.41K,3480.0,1460.8,-15.72
765,NIBE.NS,1439.0,178.71K,Process Industries,Textiles,78.0,22.0,90.0,85.0,232.87K,61.69K,1848.0,809.6,-22.13
767,PRUDENT.NS,3338.0,27.19K,Finance,Investment Managers,78.0,87.0,74.0,79.0,37.44K,70.70K,3434.0,2121.0,-2.8
768,PPAP.NS,280.0,15.84K,Producer Manufacturing,Auto Parts: Oem,78.0,13.0,84.0,83.0,166.48K,25.25K,379.5,176.0,-26.22
769,SREEL.NS,260.75,114.20K,Retail Trade,Apparel/Footwear Retail,78.0,91.0,88.0,74.0,14.39K,17.71K,267.45,165.25,-2.51
770,MENNPIS.NS,71.81,58.84K,Producer Manufacturing,Auto Parts: Oem,78.0,60.0,80.0,,123.46K,166.27K,82.0,52.35,-12.43
771,WELSPUNLIV.NS,168.15,10734.82K,Consumer Non-Durables,Consumer Sundries,78.0,57.0,81.0,70.0,3754.89K,9111.32K,178.0,107.1,-5.53
772,PNBHOUSING.NS,1150.8,264.06K,Finance,Finance/Rental/Leasing,78.0,67.0,59.0,81.0,950.40K,1432.61K,1174.8,729.6,-2.04
774,ITDC.NS,698.3,110.37K,Consumer Services,Hotels/Resorts/Cruise Lines,77.0,21.0,83.0,78.0,2112.16K,489.43K,822.0,368.0,-15.05
776,SANDHAR.NS,632.55,117.23K,Consumer Durables,Motor Vehicles,77.0,66.0,79.0,65.0,672.34K,352.07K,763.2,410.0,-17.12
777,RBLBANK.NS,381.5,1374.67K,Finance,Major Banks,77.0,69.0,68.0,75.0,5402.12K,2567.99K,392.7,243.25,-2.85
778,HEXAGON.NS,63.25,273.96K,Health Technology,Pharmaceuticals: Major,77.0,7.0,,,2207.54K,298.57K,78.25,48.1,-19.17
779,M&MFIN.NS,388.9,1488.22K,Finance,Finance/Rental/Leasing,77.0,90.0,78.0,47.0,4540.03K,3159.80K,415.0,253.05,-6.29
780,KHAITANLTD.NS,147.04,6.15K,Consumer Durables,Electronics/Appliances,77.0,84.0,64.0,85.0,4.92K,22.42K,165.0,85.0,-10.88
782,CENTENKA.NS,572.6,66.46K,Process Industries,Chemicals: Specialty,77.0,70.0,85.0,72.0,199.00K,79.03K,671.65,371.2,-14.75
784,UFLEX.NS,586.05,3732.30K,Process Industries,Containers/Packaging,77.0,95.0,90.0,71.0,369.67K,98.19K,595.4,330.0,-1.57
786,RSWM.NS,194.52,23.45K,Process Industries,Textiles,77.0,16.0,81.0,70.0,172.37K,98.29K,238.0,120.0,-18.27
787,DIFFNKG.NS,398.4,104.60K,Producer Manufacturing,Industrial Machinery,77.0,59.0,84.0,85.0,202.53K,432.56K,453.9,216.8,-12.23
788,EIMCOELECO.NS,2189.1,226.76K,Producer Manufacturing,Trucks/Construction/Farm Machinery,77.0,87.0,88.0,78.0,53.13K,39.12K,2380.0,1405.5,-8.02
789,MONARCH.NS,389.05,68.12K,Finance,Investment Banks/Brokers,77.0,74.0,84.0,78.0,245.67K,239.27K,406.95,235.45,-4.4
790,KECL.NS,137.5,326.74K,Producer Manufacturing,Electrical Products,77.0,83.0,76.0,88.0,174.39K,569.53K,155.0,75.47,-11.29
793,BTTL.NS,43.97,3.05K,Process Industries,Textiles,77.0,3.0,78.0,,55.65K,8.17K,58.23,30.0,-24.49
794,AARTIIND.NS,526.7,754.57K,Process Industries,Chemicals: Major Diversified,77.0,74.0,69.0,65.0,1414.59K,1846.41K,541.7,338.05,-2.77
795,RAJRATAN.NS,516.8,61.51K,Producer Manufacturing,Metal Fabrication,77.0,73.0,84.0,57.0,170.74K,193.67K,563.95,305.55,-8.36
798,JSFB.NS,548.85,714.51K,Finance,Regional Banks,77.0,79.0,66.0,83.0,866.13K,472.22K,593.0,330.0,-7.45
800,ARTEMISMED.NS,314.4,207.31K,Health Services,Hospital/Nursing Management,77.0,88.0,71.0,81.0,263.86K,544.51K,325.9,203.35,-3.53
801,MAHABANK.NS,81.1,8036.69K,Finance,Major Banks,77.0,59.0,52.0,74.0,15533.62K,11579.94K,94.5,51.71,-14.18
804,EMCURE.NS,1873.9,220.95K,Health Technology,Pharmaceuticals: Major,77.0,65.0,63.0,72.0,177.02K,151.84K,2048.0,1260.0,-8.5
806,WELSPLSOL.NS,48.47,156.72K,Non-Energy Minerals,Steel,77.0,17.0,74.0,,1430.65K,295.47K,63.25,36.25,-23.37
807,LASERPOWER.NS,324.35,6307.64K,Producer Manufacturing,Electrical Products,77.0,,,,5523.32K,2507.41K,329.95,250.0,-1.7
808,ADANIENT.NS,3007.3,938.17K,Distribution Services,Wholesale Distributors,77.0,32.0,66.0,82.0,1864.72K,1061.27K,3245.0,1753.0,-7.33
809,PTCIL.NS,20584.0,284.13K,Producer Manufacturing,Metal Fabrication,77.0,88.0,79.0,64.0,23.02K,19.50K,20750.0,13251.0,-0.8
810,DBSTOCKBRO.NS,32.51,3.61K,Finance,Investment Banks/Brokers,76.0,4.0,75.0,80.0,69.00K,23.38K,48.5,23.15,-32.97
812,MUFIN.NS,135.87,866.97K,Finance,Finance/Rental/Leasing,76.0,70.0,73.0,68.0,1438.15K,1461.94K,139.99,82.99,-2.94
813,VENUSPIPES.NS,1596.5,99.45K,Non-Energy Minerals,Steel,76.0,25.0,79.0,79.0,132.16K,147.55K,1875.0,890.0,-14.85
814,CORDELIA.NS,823.2,1823.52K,Consumer Services,Hotels/Resorts/Cruise Lines,76.0,54.0,,,766.67K,153.67K,925.65,623.1,-11.07
819,AARNAV.NS,31.23,62.35K,Finance,Investment Banks/Brokers,76.0,80.0,88.0,,124.56K,56.29K,37.4,21.0,-16.5
820,XTRANET.NS,158.7,1048.36K,Technology Services,Information Technology Services,76.0,,,,811.50K,639.74K,176.78,122.5,-10.23
821,SUNFLAG.NS,360.75,105.54K,Non-Energy Minerals,Steel,76.0,69.0,47.0,84.0,305.23K,313.64K,428.0,192.15,-15.71
822,RPGLIFE.NS,2741.3,14.59K,Health Technology,Pharmaceuticals: Major,76.0,25.0,76.0,83.0,24.61K,17.30K,3082.0,1733.0,-11.05
830,NUVAMA.NS,1731.2,619.94K,Finance,Investment Managers,76.0,25.0,75.0,76.0,518.95K,394.76K,2066.0,1096.9,-16.21
832,NAUKRI.NS,1355.8,3062.80K,Technology Services,Internet Software/Services,76.0,82.0,91.0,67.0,2773.82K,2499.15K,1437.8,908.3,-5.7
833,JSWINFRA.NS,335.4,2358.42K,Industrial Services,Engineering & Construction,76.0,46.0,81.0,76.0,4086.50K,3412.41K,355.8,233.42,-5.73
834,TASTYBITE.NS,10014.5,30.76K,Consumer Non-Durables,Food: Specialty/Candy,76.0,85.0,86.0,78.0,7.95K,27.02K,10470.0,6430.0,-4.35
836,GROWW.NS,198.69,16745.19K,Miscellaneous,Investment Trusts,76.0,33.0,59.0,70.0,31818.87K,19904.90K,227.2,112.0,-12.55
838,ANDHRSUGAR.NS,101.98,979.30K,Process Industries,Chemicals: Specialty,76.0,90.0,67.0,82.0,810.67K,2292.57K,107.23,66.5,-4.9
839,DYNAMATECH.NS,11123.0,16.12K,Producer Manufacturing,Industrial Machinery,76.0,70.0,52.0,70.0,17.38K,26.80K,12875.0,6320.0,-13.61
840,ABCAPITAL.NS,398.7,1968.72K,Finance,Multi-Line Insurance,76.0,50.0,66.0,65.0,4038.21K,3996.23K,430.7,272.7,-7.43
842,DPABHUSHAN.NS,1403.8,18.42K,Retail Trade,Specialty Stores,76.0,70.0,92.0,59.0,84.81K,40.24K,1719.9,866.1,-18.38
843,ARMANFIN.NS,1962.9,38.42K,Finance,Finance/Rental/Leasing,76.0,51.0,63.0,75.0,52.28K,85.44K,2158.6,1301.0,-9.07
844,CGCL.NS,226.24,2365.76K,Finance,Finance/Rental/Leasing,76.0,11.0,77.0,79.0,4417.64K,2843.39K,264.53,151.1,-14.47
845,LODHA.NS,1254.0,856.06K,Finance,Real Estate Development,76.0,71.0,91.0,67.0,2835.04K,1149.95K,1344.95,650.8,-6.76
