IndustryRank,Ticker,Price,Sector,Industry,RS Percentile,1M_RS Percentile,3M_RS Percentile,6M_RS Percentile,ATR,ADR,AvgVol10,52WKH,52WKL,MCAP,SMA20,SMA50,SMA200,SMA10W,SMA30W
1,DAPS.BO,22.0,Commercial Services,Advertising/Marketing Services,56.0,12.0,41.0,42.0,0.7207,0.6879,6.40K,27.9,12.01,113.85M,24.13,24.28,21.56,24.03,22.27
2,SIGNPOST.NS,259.4,Commercial Services,Advertising/Marketing Services,54.0,73.0,26.0,49.0,11.2393,11.225,39.52K,336.8,191.41,13.86B,264.91,270.27,255.93,266.59,268.19
3,BRIGHT.BO,349.9,Commercial Services,Advertising/Marketing Services,42.0,65.0,45.0,10.0,6.4464,5.4179,5.36K,450.0,310.05,7.64B,350.22,354.24,381.95,353.07,370.26
4,EMIAC.BO,88.9,Commercial Services,Advertising/Marketing Services,25.0,22.0,42.0,,2.0071,1.4936,16.20K,121.0,87.0,1.09B,95.11,94.11,,95.1,
5,RKSWAMY.NS,86.46,Commercial Services,Advertising/Marketing Services,16.0,45.0,15.0,58.0,4.44,4.415,26.39K,150.01,67.15,4.36B,90.64,95.61,98.38,94.32,94.07
1,MTARTECH.NS,7797.0,Electronic Technology,Aerospace & Defense,96.0,87.0,74.0,93.0,338.9643,282.8929,126.46K,8714.0,1866.2,239.83B,7271.6,6897.94,5429.22,7026.65,6388.37
2,AEQUS.NS,275.05,Electronic Technology,Aerospace & Defense,91.0,86.0,79.0,93.0,11.9836,11.5364,7261.67K,285.95,113.3,180.12B,240.85,242.76,188.28,245.32,206.79
3,PARAS.NS,1276.0,Electronic Technology,Aerospace & Defense,88.0,30.0,56.0,92.0,59.95,59.75,672.00K,1585.0,580.5,102.83B,1382.95,1367.61,961.3,1367.06,1071.77
4,IDEAFORGE.NS,735.0,Electronic Technology,Aerospace & Defense,81.0,36.0,33.0,90.0,27.6286,27.0143,218.61K,992.25,366.0,36.54B,735.84,794.13,651.54,793.32,727.88
5,HAL.NS,4601.0,Electronic Technology,Aerospace & Defense,61.0,46.0,66.0,64.0,108.4929,100.4143,714.99K,5149.9,3479.1,3077.03B,4803.71,4821.06,4412.74,4840.98,4450.98
1,APOLLOIN.BO,86.96,Process Industries,Agricultural Commodities/Milling,98.0,82.0,44.0,98.0,2.7393,0.2871,1.85K,146.05,5.43,904.38M,87.53,107.35,55.48,104.3,73.59
2,SVRL.BO,679.0,Process Industries,Agricultural Commodities/Milling,96.0,95.0,98.0,95.0,31.8821,31.0893,13.69K,681.5,207.0,15.02B,561.43,516.19,334.64,538.64,363.11
3,DATIWARE.BO,56.19,Process Industries,Agricultural Commodities/Milling,96.0,45.0,97.0,94.0,1.8407,1.3721,0.65K,72.33,19.59,280.95M,61.93,55.55,32.82,56.49,37.04
4,KANELIND.BO,75.61,Process Industries,Agricultural Commodities/Milling,96.0,13.0,94.0,98.0,4.6357,4.365,0.41K,92.0,10.0,1.19B,77.77,73.24,41.61,74.81,47.47
5,INTEGFD.BO,12.94,Process Industries,Agricultural Commodities/Milling,96.0,11.0,24.0,86.0,0.3043,0.1107,38.09K,16.32,2.07,2.42B,14.1,14.08,9.85,13.99,12.39
1,NATHUEC.BO,37.22,Transportation,Air Freight/Couriers,97.0,56.0,68.0,97.0,1.455,1.34,1.99K,40.95,9.76,154.29M,38.13,36.26,24.32,36.98,28.82
2,RAPID.BO,145.0,Transportation,Air Freight/Couriers,82.0,62.0,72.0,30.0,1.2179,0.0071,0.56K,147.0,62.0,552.62M,135.48,135.08,130.54,135.45,135.87
3,MAHESHWARI.NS,69.95,Transportation,Air Freight/Couriers,75.0,60.0,50.0,80.0,3.0721,3.0593,9.71K,76.81,39.04,2.03B,71.68,72.4,57.89,71.89,62.82
4,SVLL.NS,786.75,Transportation,Air Freight/Couriers,74.0,50.0,78.0,81.0,40.1714,39.125,12.27K,897.45,445.15,9.04B,811.51,783.7,666.81,782.48,674.48
5,AEGISVOPAK.NS,290.75,Transportation,Air Freight/Couriers,74.0,82.0,76.0,87.0,14.45,14.2679,2232.50K,320.95,158.0,322.15B,297.21,286.85,235.58,286.36,238.05
1,AFCOM.BO,1481.3,Transportation,Airlines,87.0,52.0,72.0,93.0,79.75,78.5179,97.28K,1711.0,637.85,42.53B,1503.49,1493.04,1062.35,1504.36,1157.8
2,JETFREIGHT.NS,19.59,Transportation,Airlines,69.0,22.0,34.0,46.0,1.4557,1.4557,423.95K,25.95,12.0,997.59M,20.68,21.7,19.91,21.71,20.87
3,TAALTECH.NS,944.0,Transportation,Airlines,68.0,79.0,,,75.3686,71.4857,82.60K,1234.0,833.88,14.71B,1032.97,,,,
4,INDIGO.NS,4929.9,Transportation,Airlines,46.0,55.0,37.0,58.0,106.8357,96.3,570.59K,5970.0,3895.2,1906.23B,4930.42,5108.0,4825.86,5082.99,4791.9
1,SUGSLLOYD.BO,282.5,Utilities,Alternative Power Generation,97.0,95.0,98.0,95.0,19.2786,17.6286,73.80K,296.8,82.5,6.56B,260.2,208.1,137.89,218.21,155.52
2,UEL.NS,183.67,Utilities,Alternative Power Generation,87.0,13.0,91.0,70.0,10.96,10.8243,26.71K,284.2,97.03,24.50B,201.17,198.5,159.28,203.56,163.78
3,CLEANMAX.NS,1299.8,Utilities,Alternative Power Generation,81.0,75.0,65.0,83.0,81.7928,80.9857,2132.57K,1536.0,727.1,152.43B,1364.58,1320.39,,1317.72,1195.33
4,ADANIGREEN.NS,1276.1,Utilities,Alternative Power Generation,66.0,68.0,16.0,79.0,34.9429,34.6786,1327.45K,1631.5,765.0,2101.96B,1286.31,1316.82,1203.92,1322.42,1297.57
5,JNPR.NS,268.25,Utilities,Alternative Power Generation,58.0,72.0,,,11.8393,11.7286,828.57K,282.75,232.11,152.63B,265.16,,,,
1,ALUFLUOR.NS,633.8,Non-Energy Minerals,Aluminum,86.0,94.0,,,29.5821,29.3929,22.77K,649.0,430.0,,539.49,,,,
2,HRS.BO,262.0,Non-Energy Minerals,Aluminum,82.0,77.0,64.0,22.0,5.5286,3.65,25.92K,292.6,126.0,5.05B,256.26,252.54,,253.94,247.37
3,ARFIN.NS,87.25,Non-Energy Minerals,Aluminum,76.0,71.0,47.0,51.0,3.7757,3.7757,1395.91K,106.2,47.0,14.72B,88.51,87.13,84.08,87.36,88.28
4,SUDAI.BO,53.54,Non-Energy Minerals,Aluminum,70.0,89.0,95.0,45.0,2.465,2.4264,5.81K,109.7,28.25,448.01M,46.85,39.73,48.52,41.06,44.45
5,MAITRI.BO,37.5,Non-Energy Minerals,Aluminum,68.0,39.0,61.0,71.0,0.2407,0.1071,0.01K,46.55,22.1,165.00M,37.85,40.3,35.56,40.25,38.01
1,VIVAA.BO,138.0,Consumer Non-Durables,Apparel/Footwear,97.0,84.0,96.0,98.0,0.5714,0.1429,1.00K,138.0,31.84,543.37M,133.2,121.3,64.59,123.7,75.49
2,MAYUR.BO,39.97,Consumer Non-Durables,Apparel/Footwear,95.0,95.0,97.0,88.0,3.3129,3.0457,17.50K,45.96,12.75,193.25M,39.5,30.78,23.73,32.18,24.36
3,ATVOENT.BO,38.28,Consumer Non-Durables,Apparel/Footwear,94.0,31.0,81.0,90.0,1.8393,1.8171,32.81K,45.89,12.0,4.10B,40.15,38.05,26.21,38.47,29.95
4,IRISDOREME.NS,60.46,Consumer Non-Durables,Apparel/Footwear,91.0,76.0,91.0,90.0,3.6293,3.6293,967.80K,68.0,26.35,11.51B,62.63,58.1,41.31,59.74,44.46
5,PGIL.NS,1263.0,Consumer Non-Durables,Apparel/Footwear,89.0,81.0,85.0,88.0,62.5571,62.3928,277.33K,1357.9,600.0,116.68B,1206.68,1167.21,907.35,1191.7,961.05
1,SREEL.NS,292.6,Retail Trade,Apparel/Footwear Retail,84.0,90.0,90.0,85.0,15.305,13.5993,14.81K,400.0,165.25,6.78B,301.24,262.46,216.72,263.46,218.0
2,MEESHO.NS,218.69,Retail Trade,Apparel/Footwear Retail,77.0,80.0,80.0,78.0,10.76,10.2629,34698.75K,254.4,125.56,1012.21B,218.93,204.95,180.91,205.53,185.02
3,STYLEBAAZA.NS,368.35,Retail Trade,Apparel/Footwear Retail,74.0,30.0,77.0,66.0,18.175,17.6071,1818.44K,447.1,229.95,28.04B,385.98,364.95,327.57,370.5,339.0
4,CRAVATEX.NS,349.0,Retail Trade,Apparel/Footwear Retail,54.0,84.0,,,28.3143,27.7,2.86K,410.0,300.0,,335.86,,,,
5,MISHDESIGN.BO,36.94,Retail Trade,Apparel/Footwear Retail,46.0,89.0,78.0,29.0,2.5879,1.5514,1.25K,70.75,28.08,130.54M,35.68,33.91,39.98,34.82,36.26
1,HARCR.BO,41.13,Producer Manufacturing,Auto Parts: Oem,98.0,98.0,98.0,98.0,0.7071,0.0,0.23K,41.13,4.21,431.87M,34.34,24.48,11.76,26.54,14.32
2,AFLTD.BO,102.8,Producer Manufacturing,Auto Parts: Oem,95.0,98.0,97.0,,5.1343,3.8736,15.90K,104.7,40.85,1.39B,85.99,68.66,,72.33,
3,WHEELS.NS,2241.3,Producer Manufacturing,Auto Parts: Oem,95.0,97.0,93.0,93.0,123.9928,120.5285,265.01K,2498.0,705.85,60.21B,2167.85,1743.54,1300.21,1796.09,1488.31
4,SANSERA.NS,4276.6,Producer Manufacturing,Auto Parts: Oem,94.0,84.0,88.0,91.0,229.2357,217.1929,425.03K,4743.5,1382.7,266.94B,4237.14,3920.11,2780.48,3998.26,3123.32
5,SSWL.NS,390.8,Producer Manufacturing,Auto Parts: Oem,93.0,84.0,94.0,93.0,21.6464,21.0679,1454.33K,419.8,169.0,61.46B,372.19,335.03,243.59,339.67,259.47
1,TVSSRICHAK.NS,4349.3,Consumer Durables,Automotive Aftermarket,69.0,2.0,64.0,67.0,194.6714,193.1357,9.22K,5760.0,3185.0,33.30B,4828.46,4639.09,4123.62,4673.23,4126.75
2,BENGALASM.NS,6088.0,Consumer Durables,Automotive Aftermarket,49.0,25.0,,,151.8929,148.8571,0.32K,6700.0,5900.0,,6197.27,,,,
3,DOLFIN.BO,173.0,Consumer Durables,Automotive Aftermarket,48.0,73.0,63.0,27.0,7.1643,7.0679,2.53K,199.95,160.0,1.74B,172.25,169.68,172.94,170.79,171.79
4,MODIRUBBER.NS,119.72,Consumer Durables,Automotive Aftermarket,46.0,34.0,36.0,43.0,5.8186,5.7179,1.61K,167.5,98.41,3.00B,123.41,124.07,124.81,124.99,125.88
5,TRITONV.NS,1078.0,Consumer Durables,Automotive Aftermarket,42.0,40.0,,,52.1857,52.1357,1.62K,1219.3,1020.0,,1099.14,,,,
1,CHMBBRW.BO,39.32,Consumer Non-Durables,Beverages: Alcoholic,88.0,88.0,94.0,57.0,2.7164,2.7164,9.49K,49.6,15.03,294.46M,36.81,39.87,29.32,40.0,33.24
2,RADICO.NS,4237.0,Consumer Non-Durables,Beverages: Alcoholic,79.0,40.0,73.0,80.0,121.65,120.2714,287.05K,4747.0,2500.0,567.71B,4439.45,4485.79,3539.82,4492.62,3769.43
3,TI.NS,542.55,Consumer Non-Durables,Beverages: Alcoholic,75.0,62.0,82.0,62.0,21.5536,20.8786,1137.83K,607.8,381.55,134.50B,549.45,535.43,465.25,541.71,475.22
4,ABDL.NS,679.45,Consumer Non-Durables,Beverages: Alcoholic,73.0,85.0,66.0,83.0,28.0786,27.6429,1783.79K,753.8,382.1,190.05B,654.55,631.04,563.46,630.77,580.43
5,GMBREW.NS,952.0,Consumer Non-Durables,Beverages: Alcoholic,53.0,83.0,53.0,20.0,24.5821,24.5821,47.03K,1328.8,728.8,21.75B,940.41,912.55,967.1,919.45,939.61
1,VALENCIA.BO,58.0,Consumer Non-Durables,Beverages: Non-Alcoholic,41.0,71.0,52.0,56.0,0.8714,0.5857,6.90K,97.1,40.11,1.15B,59.08,53.23,61.09,53.14,57.98
2,VBL.NS,425.3,Consumer Non-Durables,Beverages: Non-Alcoholic,38.0,77.0,17.0,40.0,8.8107,8.5286,5755.28K,555.8,381.0,1438.57B,420.08,428.43,465.43,426.95,461.74
3,ORIBEVER.BO,161.85,Consumer Non-Durables,Beverages: Non-Alcoholic,20.0,33.0,31.0,9.0,9.5857,9.15,1.61K,291.25,151.65,349.98M,164.94,175.18,194.76,173.32,192.46
1,RUBICON.NS,1630.9,Health Technology,Biotechnology,94.0,18.0,85.0,92.0,63.4429,63.0786,351.55K,1899.0,570.75,269.97B,1732.17,1693.59,1131.28,1685.44,1281.31
2,AKUMS.NS,813.1,Health Technology,Biotechnology,89.0,76.0,87.0,85.0,25.8143,25.6321,297.37K,838.8,409.3,124.49B,786.47,749.97,577.17,756.34,626.81
3,ANL.BO,305.0,Health Technology,Biotechnology,85.0,86.0,80.0,78.0,8.6429,3.2143,21.80K,313.0,150.1,2.21B,282.76,285.35,,286.01,256.5
4,TITANBIO.BO,391.5,Health Technology,Biotechnology,83.0,61.0,60.0,9.0,18.2643,18.25,17.23K,555.65,171.4,16.18B,408.91,405.17,365.75,409.3,427.94
5,FERMENTA.NS,553.25,Health Technology,Biotechnology,75.0,88.0,,,30.6571,29.4357,702.36K,575.1,426.3,15.86B,489.21,,,,
1,SUNTV.NS,599.9,Consumer Services,Broadcasting,66.0,95.0,79.0,33.0,29.1143,29.0571,5021.48K,663.9,447.2,236.41B,491.14,486.34,539.4,493.82,529.54
2,ENIL.NS,93.36,Consumer Services,Broadcasting,15.0,30.0,32.0,17.0,2.9471,2.9471,12.47K,158.0,92.55,4.45B,99.57,102.12,108.8,101.66,107.19
3,TVTODAY.NS,101.65,Consumer Services,Broadcasting,15.0,25.0,10.0,29.0,3.7321,3.7321,31.64K,153.01,93.5,6.07B,107.45,111.53,117.33,110.58,112.54
4,NDTV.NS,68.08,Consumer Services,Broadcasting,13.0,44.0,20.0,46.0,2.0957,2.0879,59.54K,117.8,58.75,7.68B,71.18,73.7,79.69,73.59,76.69
5,ZEEL.NS,71.92,Consumer Services,Broadcasting,10.0,1.0,3.0,24.0,2.5343,2.5279,13020.90K,118.35,68.0,69.08B,79.42,92.47,91.58,91.85,92.72
1,MSAFE.BO,264.8,Producer Manufacturing,Building Products,92.0,90.0,89.0,93.0,15.9821,15.2143,50.60K,328.8,102.0,5.40B,281.03,238.82,,246.82,181.97
2,LTELEVATOR.BO,321.8,Producer Manufacturing,Building Products,91.0,66.0,87.0,92.0,9.3036,5.975,17.68K,380.4,130.0,6.84B,341.09,319.39,233.11,326.55,249.04
3,BRPL.BO,168.45,Producer Manufacturing,Building Products,85.0,86.0,90.0,71.0,9.5607,9.275,15.83K,174.0,98.1,2.22B,157.0,143.36,123.38,147.49,129.54
4,FABCLEAN.BO,494.0,Producer Manufacturing,Building Products,85.0,93.0,79.0,94.0,30.3571,29.0571,19.76K,575.0,203.25,6.09B,484.22,430.64,342.61,436.7,361.13
5,SOMANYCERA.NS,614.2,Producer Manufacturing,Building Products,82.0,83.0,77.0,84.0,19.5536,19.5536,144.83K,627.3,332.0,25.19B,581.68,544.92,469.55,551.94,496.8
1,NDLVENTURE.NS,125.24,Consumer Services,Cable/Satellite Tv,72.0,70.0,45.0,35.0,5.3021,5.28,9.09K,140.0,80.0,4.22B,122.94,123.72,116.65,124.31,124.62
2,DEN.NS,25.41,Consumer Services,Cable/Satellite Tv,26.0,26.0,23.0,40.0,0.6214,0.6214,253.68K,35.95,22.52,12.11B,26.65,27.24,28.13,27.21,27.59
1,ETHOSLTD.NS,2531.9,Retail Trade,Catalog/Specialty Distribution,54.0,13.0,62.0,47.0,93.4571,91.6643,52.35K,3245.9,1919.4,67.75B,2638.14,2726.11,2553.32,2699.49,2497.33
1,KETOMOTORS.BO,249.0,Process Industries,Chemicals: Agricultural,95.0,1.0,77.0,95.0,16.075,15.2893,4.16K,367.85,91.4,17.54B,277.07,263.32,156.1,265.38,181.62
2,MBAPL.NS,165.83,Process Industries,Chemicals: Agricultural,91.0,73.0,88.0,87.0,6.3443,6.2443,974.03K,174.94,76.56,72.66B,163.72,163.23,116.57,164.03,128.56
3,KRISHANA.NS,184.59,Process Industries,Chemicals: Agricultural,89.0,47.0,83.0,89.0,6.8936,6.6986,617.43K,206.39,87.4,57.06B,183.69,184.92,134.37,185.91,147.64
4,3BBLACKBIO.NS,1646.8,Process Industries,Chemicals: Agricultural,85.0,82.0,,,79.2428,75.8357,19.03K,1734.0,1099.5,,1454.5,,,,
5,SHIVALIK.NS,394.05,Process Industries,Chemicals: Agricultural,84.0,90.0,96.0,86.0,27.6429,26.3786,122.09K,471.0,206.4,6.32B,380.43,315.02,283.99,321.11,271.77
1,SKM.BO,467.5,Process Industries,Chemicals: Major Diversified,96.0,61.0,84.0,98.0,17.5536,15.975,15.30K,507.0,102.05,5.72B,479.79,457.17,294.89,458.94,359.58
2,RPEL.NS,1818.9,Process Industries,Chemicals: Major Diversified,95.0,78.0,92.0,97.0,97.5857,95.1214,84.05K,1943.7,561.3,83.53B,1717.79,1571.0,1055.87,1616.81,1161.83
3,AETHER.NS,1670.0,Process Industries,Chemicals: Major Diversified,90.0,61.0,84.0,77.0,58.0643,58.0643,355.08K,1798.0,728.0,221.66B,1656.55,1621.49,1236.53,1644.7,1351.28
4,PATELCHEM.BO,120.55,Process Industries,Chemicals: Major Diversified,85.0,88.0,84.0,89.0,5.4679,4.9679,36.32K,120.55,56.1,3.00B,108.46,100.58,86.17,102.49,90.04
5,AARTISURF.NS,498.5,Process Industries,Chemicals: Major Diversified,78.0,52.0,87.0,78.0,25.0286,24.6607,11.42K,677.7,316.0,4.22B,518.02,519.37,422.89,531.51,433.69
1,SANGINITA.NS,73.89,Process Industries,Chemicals: Specialty,98.0,95.0,94.0,98.0,1.4864,0.2143,78.96K,76.89,9.26,1.91B,66.71,61.84,32.29,62.64,41.52
2,SHENTRA.BO,131.35,Process Industries,Chemicals: Specialty,98.0,65.0,84.0,93.0,1.8607,0.4714,0.05K,134.85,18.34,582.95M,125.72,128.92,84.43,129.05,99.88
3,SHHARICH.BO,322.95,Process Industries,Chemicals: Specialty,97.0,98.0,98.0,97.0,18.7714,14.1107,25.55K,352.05,87.65,2.04B,292.66,216.22,138.32,231.46,150.78
4,RSCINT.BO,104.0,Process Industries,Chemicals: Specialty,97.0,96.0,98.0,98.0,2.0271,0.535,2.43K,108.2,22.42,597.97M,91.23,71.64,47.42,76.03,44.68
5,CHEMIESYNT.BO,103.64,Process Industries,Chemicals: Specialty,96.0,90.0,94.0,92.0,1.0071,0.0,0.01K,103.64,30.98,318.17M,95.29,86.78,59.67,88.68,68.39
1,COALINDIA.NS,420.4,Energy Minerals,Coal,52.0,77.0,50.0,16.0,7.3143,6.8714,6785.65K,491.25,369.6,2590.81B,422.39,415.29,434.12,414.09,437.98
2,CMLL.NS,523.05,Energy Minerals,Coal,52.0,75.0,,,19.6893,19.6893,413.51K,624.4,460.0,34.19B,495.55,520.75,,521.66,
3,SOUTHWEST.NS,181.7,Energy Minerals,Coal,45.0,10.0,13.0,9.0,8.6714,8.6271,119.94K,275.0,121.0,5.93B,200.96,214.26,215.98,211.05,224.46
4,REFEX.NS,271.3,Energy Minerals,Coal,38.0,56.0,7.0,72.0,10.4214,9.9357,1002.58K,382.4,188.0,37.23B,276.02,288.95,270.9,285.95,280.83
5,STRATMONT.BO,56.05,Energy Minerals,Coal,36.0,56.0,54.0,19.0,3.8464,3.7307,1.00K,92.0,45.31,1.60B,59.43,59.47,62.38,59.33,62.04
1,SMEL.BO,25.57,Commercial Services,Commercial Printing/Forms,97.0,94.0,98.0,91.0,0.5336,0.0114,3.00K,25.57,7.91,281.27M,22.07,17.39,12.19,19.06,14.08
2,TCPLPACK.NS,3927.1,Commercial Services,Commercial Printing/Forms,83.0,70.0,88.0,84.0,181.1,180.2,7.60K,4410.9,2200.0,35.66B,3930.68,3769.01,2996.31,3815.51,3075.55
3,INLANPR.BO,66.43,Commercial Services,Commercial Printing/Forms,74.0,7.0,87.0,67.0,3.8943,3.6221,0.35K,112.0,22.01,328.41M,76.93,73.25,54.35,72.95,58.78
4,KIRANPR.BO,24.8,Commercial Services,Commercial Printing/Forms,48.0,7.0,14.0,18.0,0.34,0.0714,0.21K,30.98,20.75,124.07M,27.91,28.84,27.61,28.38,28.02
5,DGCONTENT.NS,25.43,Commercial Services,Commercial Printing/Forms,34.0,77.0,54.0,47.0,1.4436,1.4436,23.48K,39.57,21.61,1.48B,24.37,24.54,27.07,24.58,26.15
1,KERNEX.NS,1643.5,Electronic Technology,Computer Communications,73.0,67.0,3.0,89.0,68.5286,68.5286,134.40K,2580.0,850.0,27.62B,1720.25,1932.52,1551.51,1912.08,1686.4
1,WEPSOLN.BO,33.57,Electronic Technology,Computer Peripherals,85.0,16.0,90.0,85.0,2.1421,2.0107,13.11K,39.58,17.65,1.24B,34.91,32.65,25.66,33.33,27.44
2,PANACHE.NS,516.15,Electronic Technology,Computer Peripherals,85.0,62.0,86.0,87.0,10.475,8.7929,8.00K,559.4,237.7,8.27B,519.02,499.79,383.29,508.45,408.27
3,NETWEB.NS,4520.3,Electronic Technology,Computer Peripherals,76.0,13.0,63.0,74.0,165.2643,158.2286,788.67K,5813.0,2920.0,268.72B,4777.39,4885.67,4035.49,4934.41,4345.33
4,CONTROLPR.NS,618.0,Electronic Technology,Computer Peripherals,35.0,74.0,35.0,50.0,17.2071,16.9786,33.39K,829.7,517.0,9.88B,593.87,587.44,631.02,590.11,615.74
5,INDTONER.BO,46.48,Electronic Technology,Computer Peripherals,28.0,69.0,11.0,33.0,1.4064,1.4064,9.37K,62.0,43.08,2.42B,46.85,47.27,49.7,47.2,49.59
1,GLITTEKG.BO,79.87,Non-Energy Minerals,Construction Materials,98.0,90.0,96.0,92.0,1.5,0.4821,3.87K,83.3,9.63,2.07B,76.47,69.29,47.74,70.78,53.92
2,NEELKAN.BO,68.53,Non-Energy Minerals,Construction Materials,97.0,89.0,94.0,97.0,4.2507,4.0464,1.15K,70.19,14.51,345.64M,61.58,58.3,31.86,59.23,37.97
3,SHIVAM.BO,140.0,Non-Energy Minerals,Construction Materials,89.0,96.0,88.0,48.0,7.8,6.1357,37.35K,143.2,59.5,2.38B,121.38,107.17,99.97,109.92,110.03
4,SOBME.BO,1312.25,Non-Energy Minerals,Construction Materials,87.0,61.0,93.0,80.0,76.6536,72.0679,0.42K,1595.0,679.0,12.79B,1369.37,1245.95,948.33,1286.18,1008.13
5,HINDCON.NS,33.3,Non-Energy Minerals,Construction Materials,84.0,97.0,94.0,90.0,1.645,1.2857,85.93K,37.75,15.66,1.70B,26.1,24.05,22.71,24.7,22.46
1,WELSPUNLIV.NS,239.17,Consumer Non-Durables,Consumer Sundries,92.0,92.0,91.0,93.0,8.465,8.465,4529.49K,244.89,107.1,225.17B,216.18,191.1,149.93,195.85,158.4
2,BIL.NS,987.55,Consumer Non-Durables,Consumer Sundries,79.0,86.0,85.0,76.0,48.2857,48.2857,6.33K,1150.0,602.0,13.24B,1010.91,894.08,784.65,911.72,796.51
3,WELTI.BO,22.21,Consumer Non-Durables,Consumer Sundries,38.0,40.0,31.0,43.0,0.0829,0.0,0.15K,29.05,17.15,98.64M,23.31,23.94,23.53,23.74,23.38
4,LINC.NS,86.54,Consumer Non-Durables,Consumer Sundries,12.0,27.0,8.0,24.0,3.8371,3.8371,45.45K,133.38,85.01,5.15B,93.06,96.37,103.23,95.41,99.95
5,RADIXIND.BO,128.5,Consumer Non-Durables,Consumer Sundries,6.0,7.0,9.0,1.0,5.175,3.5036,0.10K,226.4,126.05,1.93B,136.64,139.88,172.01,138.55,166.93
1,QUANTDIA.BO,42.97,Process Industries,Containers/Packaging,94.0,82.0,97.0,95.0,2.6636,2.6043,1.59K,48.9,16.24,130.41M,43.77,38.5,25.36,39.71,27.15
2,JAUSPOL.BO,27.89,Process Industries,Containers/Packaging,94.0,86.0,69.0,35.0,2.6936,2.4836,5.43K,37.11,6.84,129.01M,22.49,23.04,23.34,22.94,25.02
3,HPBL.BO,343.25,Process Industries,Containers/Packaging,93.0,93.0,96.0,92.0,22.4893,21.2,9.12K,405.0,140.1,3.67B,352.65,269.32,214.7,284.75,234.79
4,GLEN.BO,120.0,Process Industries,Containers/Packaging,90.0,68.0,96.0,90.0,5.6036,5.1643,29.16K,134.0,58.0,2.89B,124.56,114.12,84.26,118.35,86.93
5,BAIKAKAJI.BO,289.0,Process Industries,Containers/Packaging,90.0,31.0,94.0,81.0,13.475,13.1036,28.62K,328.9,143.1,6.19B,297.73,265.54,,274.22,212.67
1,JINDRILL.NS,587.65,Industrial Services,Contract Drilling,60.0,45.0,69.0,60.0,25.0464,24.4714,907.19K,704.4,440.1,17.03B,616.92,615.96,562.05,618.22,578.61
1,ACESEPP.BO,103.22,Technology Services,Data Processing Services,90.0,63.0,98.0,14.0,0.0,0.0,19.04K,153.85,25.51,2.45B,103.22,92.93,,97.55,79.87
2,ACESOFT.BO,192.05,Technology Services,Data Processing Services,74.0,60.0,95.0,51.0,10.5286,9.55,50.17K,378.8,106.0,4.55B,202.59,183.49,172.12,188.87,157.17
3,GHVINFRA.BO,263.75,Technology Services,Data Processing Services,62.0,24.0,88.0,23.0,14.4179,14.3464,8.51K,368.5,173.3,21.21B,279.69,278.5,265.91,281.41,260.48
4,RELIABLE.NS,140.73,Technology Services,Data Processing Services,60.0,74.0,49.0,59.0,5.6679,5.6579,34.64K,175.0,104.74,1.45B,140.81,141.02,140.63,141.16,137.19
5,ENS.BO,101.2,Technology Services,Data Processing Services,54.0,58.0,,,1.4,1.4,50.64K,110.64,95.76,1.38B,101.77,,,,
1,SHOPERSTOP.NS,404.7,Retail Trade,Department Stores,67.0,77.0,77.0,70.0,24.4286,24.3286,490.84K,558.0,275.95,44.60B,395.05,400.28,360.58,402.34,356.86
1,SPICELOUNG.BO,27.9,Retail Trade,Discount Stores,38.0,93.0,74.0,47.0,1.7671,0.0043,515.12K,72.2,16.21,19.45B,33.0,28.4,29.37,29.01,26.22
1,MEDPLUS.NS,654.3,Retail Trade,Drugstore Chains,16.0,53.0,12.0,5.0,11.3393,11.2857,90.52K,1022.2,642.6,78.57B,658.87,673.78,800.95,674.54,793.65
1,SGMART.NS,742.2,Utilities,Electric Utilities,90.0,16.0,84.0,80.0,30.775,30.775,182.10K,860.6,313.1,93.57B,748.09,755.16,563.19,754.16,633.4
2,ANANDPROJ.BO,39.81,Utilities,Electric Utilities,88.0,63.0,92.0,80.0,0.0,0.0,0.00K,39.81,24.48,37.19M,37.92,34.28,27.06,35.48,28.4
3,SRMENERGY.BO,26.2,Utilities,Electric Utilities,84.0,65.0,49.0,79.0,1.9443,1.705,11.45K,33.11,13.45,237.37M,27.68,24.96,20.23,25.15,21.62
4,EKI.NS,97.95,Utilities,Electric Utilities,76.0,95.0,,,8.4793,8.4107,209.02K,108.94,67.0,,78.98,,,,
5,TEXINFRA.NS,119.39,Utilities,Electric Utilities,70.0,78.0,69.0,55.0,4.8636,4.655,448.10K,126.59,82.5,15.21B,116.72,113.75,103.28,113.66,105.3
1,BIRLACABLE.NS,383.0,Producer Manufacturing,Electrical Products,97.0,91.0,97.0,97.0,24.9857,24.775,456.55K,418.8,104.0,11.49B,374.02,308.25,195.08,324.21,221.06
2,COSPOWER.BO,3195.0,Producer Manufacturing,Electrical Products,97.0,98.0,95.0,97.0,139.5357,116.2714,1.74K,3199.95,670.0,5.87B,2683.67,2227.75,1453.58,2326.06,1694.08
3,INDOSMC.BO,505.2,Producer Manufacturing,Electrical Products,96.0,77.0,85.0,97.0,23.3893,21.9179,43.50K,533.8,134.0,11.55B,500.59,485.64,,494.32,341.7
4,HIIL.BO,516.25,Producer Manufacturing,Electrical Products,96.0,86.0,83.0,97.0,3.4679,0.0,0.36K,516.25,121.33,11.17B,477.46,461.57,316.53,464.45,381.12
5,BHAGYANGR.NS,402.65,Producer Manufacturing,Electrical Products,96.0,79.0,72.0,96.0,24.225,23.8143,177.69K,467.9,92.55,13.49B,417.15,398.48,277.68,399.12,320.68
1,BCCFUBA.BO,317.55,Electronic Technology,Electronic Components,94.0,96.0,96.0,96.0,15.9357,15.5036,32.02K,319.5,102.0,6.32B,264.49,236.62,176.26,244.74,183.66
2,CENTUM.NS,4701.7,Electronic Technology,Electronic Components,90.0,96.0,87.0,83.0,255.6642,252.9214,149.22K,4999.5,2044.2,69.41B,4464.77,3921.74,3144.81,3961.18,3465.89
3,UNIVCABLES.NS,1451.3,Electronic Technology,Electronic Components,90.0,14.0,84.0,93.0,68.1643,68.1643,87.00K,1774.9,576.0,50.35B,1483.89,1521.43,1062.57,1519.08,1164.57
4,ELPROINTL.NS,174.31,Electronic Technology,Electronic Components,84.0,63.0,60.0,,3.2829,3.2364,8.79K,180.89,102.0,29.54B,173.1,174.82,,174.8,
5,MRTX.BO,432.15,Electronic Technology,Electronic Components,79.0,96.0,65.0,,34.2286,33.7036,186.80K,506.0,283.1,7.56B,383.99,355.26,,368.05,
1,SPECTRUM.NS,3853.4,Electronic Technology,Electronic Equipment/Instruments,97.0,98.0,98.0,94.0,209.1143,203.2,13.30K,3980.0,1050.0,65.84B,3156.53,2640.24,1728.77,2708.2,1938.91
2,DIGILOGIC.BO,203.45,Electronic Technology,Electronic Equipment/Instruments,95.0,87.0,95.0,94.0,6.0643,4.6036,40.92K,214.8,72.95,5.89B,181.37,173.11,,177.16,129.24
3,APARINDS.NS,17648.0,Electronic Technology,Electronic Equipment/Instruments,91.0,69.0,85.0,86.0,836.5714,836.1429,153.51K,19265.0,6801.0,738.96B,17679.5,16814.72,12673.42,17153.2,14201.3
4,POWERINDIA.NS,31290.0,Electronic Technology,Electronic Equipment/Instruments,81.0,46.0,61.0,61.0,967.5,882.8571,118.09K,38785.0,16111.0,1394.67B,31211.25,32443.8,28679.43,32610.5,31925.83
5,NAGPI.BO,167.4,Electronic Technology,Electronic Equipment/Instruments,77.0,5.0,78.0,45.0,14.3714,13.45,3.11K,214.9,80.16,2.19B,186.27,182.87,154.89,183.63,160.11
1,CYIENTDLM.NS,893.9,Electronic Technology,Electronic Production Equipment,95.0,75.0,96.0,97.0,44.7786,44.6643,491.00K,1009.0,265.2,70.94B,912.25,802.47,501.09,811.99,551.46
2,AVALON.NS,2280.2,Electronic Technology,Electronic Production Equipment,94.0,58.0,86.0,94.0,145.05,145.05,954.77K,2618.0,777.3,152.51B,2313.36,2128.92,1435.41,2173.7,1641.99
3,SYRMA.NS,1717.9,Electronic Technology,Electronic Production Equipment,93.0,91.0,85.0,93.0,84.8643,84.2643,3554.64K,1822.6,634.5,330.91B,1652.11,1519.89,1109.71,1539.63,1242.62
4,DATAPATTNS.NS,4251.3,Electronic Technology,Electronic Production Equipment,80.0,38.0,46.0,70.0,162.6786,162.0286,479.80K,5000.0,2131.0,238.00B,4515.09,4531.75,3765.01,4516.98,4144.9
5,APOLLO.NS,394.0,Electronic Technology,Electronic Production Equipment,80.0,75.0,28.0,92.0,17.875,17.3786,7649.97K,466.5,179.5,146.41B,399.83,393.14,321.63,393.07,350.03
1,RPTECH.NS,953.15,Distribution Services,Electronics Distributors,95.0,91.0,85.0,96.0,39.6429,38.8179,449.23K,1004.7,313.05,63.29B,850.93,843.12,570.3,855.52,651.64
2,OPTIEMUS.NS,803.7,Distribution Services,Electronics Distributors,91.0,96.0,94.0,95.0,54.9179,49.0429,2598.53K,850.65,288.0,72.47B,658.09,612.47,479.19,616.85,493.75
3,REDINGTON.NS,397.95,Distribution Services,Electronics Distributors,88.0,88.0,92.0,90.0,14.5107,14.4714,4918.60K,419.5,191.31,311.11B,393.98,360.5,276.48,369.71,282.02
4,CNL.NS,1079.2,Distribution Services,Electronics Distributors,88.0,9.0,91.0,91.0,56.7143,56.7143,14.11K,1328.0,525.0,16.21B,1121.64,1133.92,796.87,1147.98,837.67
5,PANIDPR.BO,87.4,Distribution Services,Electronics Distributors,85.0,43.0,73.0,89.0,0.4,0.0714,0.01K,96.4,35.24,122.36M,92.17,89.01,71.61,89.23,78.16
1,EMIL.NS,204.05,Retail Trade,Electronics/Appliance Stores,92.0,90.0,92.0,93.0,9.8764,9.85,5775.73K,208.98,84.9,78.51B,189.76,176.09,124.65,181.22,136.03
2,BHATIA.BO,36.81,Retail Trade,Electronics/Appliance Stores,87.0,90.0,92.0,86.0,2.98,2.9471,375.31K,41.99,17.99,5.18B,35.94,30.51,25.1,31.59,26.18
3,UML.BO,85.22,Retail Trade,Electronics/Appliance Stores,86.0,97.0,95.0,89.0,6.1986,5.7329,147.60K,121.0,41.75,1.21B,69.21,61.58,58.22,63.89,55.82
4,MTL.BO,133.05,Retail Trade,Electronics/Appliance Stores,82.0,91.0,94.0,,7.15,6.0571,63.48K,139.9,76.0,1.39B,110.68,100.77,,103.65,
5,ROBU.BO,1049.65,Retail Trade,Electronics/Appliance Stores,76.0,46.0,43.0,60.0,54.6393,52.8071,3.89K,1315.0,636.36,10.87B,1083.23,1124.14,969.74,1109.43,1044.59
1,CPPLUS.NS,3799.6,Consumer Durables,Electronics/Appliances,94.0,71.0,69.0,92.0,164.9643,159.9785,333.52K,4094.0,1304.0,465.93B,3704.78,3609.83,2601.28,3604.31,3017.99
2,UNIVPHOTO.NS,490.0,Consumer Durables,Electronics/Appliances,90.0,85.0,90.0,51.0,32.1107,30.7643,3.76K,624.75,180.6,5.36B,546.18,497.54,391.53,497.72,441.45
3,JAIPAN.BO,43.13,Consumer Durables,Electronics/Appliances,87.0,80.0,91.0,85.0,2.3229,2.1921,4.15K,45.0,22.5,263.09M,38.48,37.58,30.14,38.07,31.47
4,APIL.BO,55.02,Consumer Durables,Electronics/Appliances,86.0,77.0,77.0,64.0,0.1871,0.1871,0.24K,55.02,23.64,181.94M,53.84,52.33,43.45,52.69,48.08
5,STOVEKRAFT.NS,809.15,Consumer Durables,Electronics/Appliances,78.0,45.0,65.0,86.0,24.05,23.9822,76.84K,877.0,447.05,26.79B,822.31,804.9,638.34,799.99,677.67
1,MODISONLTD.NS,486.05,Industrial Services,Engineering & Construction,97.0,54.0,95.0,98.0,25.1179,24.4357,66.75K,546.0,114.0,15.77B,470.66,394.35,241.96,404.71,279.98
2,TELGE.BO,255.0,Industrial Services,Engineering & Construction,95.0,96.0,96.0,95.0,11.8179,9.65,22.32K,283.95,77.05,2.50B,238.09,199.15,132.36,202.9,145.03
3,KRISHNA.BO,46.0,Industrial Services,Engineering & Construction,94.0,35.0,66.0,95.0,0.9457,0.725,10.45K,51.72,12.44,496.80M,46.19,42.73,30.75,42.72,34.05
4,UNIVASTU.NS,134.25,Industrial Services,Engineering & Construction,92.0,12.0,93.0,93.0,7.6893,7.0193,52.94K,178.98,56.02,4.83B,148.17,149.55,92.6,151.01,102.96
5,VINDHYATEL.NS,2617.0,Industrial Services,Engineering & Construction,92.0,70.0,87.0,95.0,133.9286,131.0714,66.06K,2952.6,963.9,31.01B,2737.59,2506.45,1750.57,2521.16,1937.3
1,ORGANICREC.BO,201.2,Industrial Services,Environmental Services,78.0,93.0,87.0,67.0,11.2393,10.425,82.89K,213.0,137.33,3.14B,177.76,164.47,159.67,167.52,160.6
2,OML.BO,28.9,Industrial Services,Environmental Services,59.0,49.0,47.0,89.0,1.6129,1.2993,9.92K,85.0,13.75,227.22M,28.87,30.18,24.3,30.28,24.99
3,BANKA.NS,68.51,Industrial Services,Environmental Services,44.0,10.0,6.0,81.0,3.0443,2.9536,2.11K,96.58,41.0,748.30M,76.44,80.77,74.12,79.36,78.22
4,EIEL.NS,184.0,Industrial Services,Environmental Services,26.0,49.0,10.0,63.0,6.5471,6.4471,628.70K,257.66,134.71,32.30B,199.2,203.39,193.55,201.3,197.54
5,ECORECO.NS,388.6,Industrial Services,Environmental Services,20.0,5.0,,,17.7179,17.7179,11.28K,493.6,385.0,7.50B,427.75,,,,
1,ASIACAP.BO,114.4,Finance,Finance/Rental/Leasing,98.0,79.0,95.0,97.0,2.0357,1.0357,0.13K,128.0,17.37,353.72M,119.26,105.98,57.33,110.22,75.17
2,RANJITSE.BO,59.35,Finance,Finance/Rental/Leasing,97.0,64.0,57.0,3.0,2.1907,1.4579,0.19K,122.1,6.24,159.50M,59.52,60.84,63.15,60.72,68.92
3,AMRAFIN.BO,40.46,Finance,Finance/Rental/Leasing,96.0,98.0,91.0,97.0,0.9314,0.0,0.72K,40.46,12.72,543.78M,31.0,32.05,20.52,32.65,23.68
4,JAFINANCE.BO,158.5,Finance,Finance/Rental/Leasing,95.0,94.0,97.0,93.0,7.2857,6.4357,0.85K,159.4,50.35,1.69B,138.49,124.0,92.96,128.65,98.6
5,TFCILTD.NS,138.79,Finance,Finance/Rental/Leasing,94.0,58.0,96.0,92.0,4.8257,4.8086,17235.83K,148.5,51.0,64.26B,140.6,128.61,85.71,130.98,92.93
1,KUBERJI.BO,69.27,Finance,Financial Conglomerates,98.0,95.0,98.0,98.0,3.4471,2.715,24.71K,69.27,10.51,237.80M,53.83,41.99,23.46,45.51,28.31
2,SALSAIN.BO,365.0,Finance,Financial Conglomerates,98.0,49.0,95.0,1.0,18.8429,13.2036,0.57K,828.95,15.3,2.54B,341.27,358.55,303.43,350.46,373.82
3,KARTKIN.BO,7000.0,Finance,Financial Conglomerates,98.0,12.0,10.0,96.0,218.875,114.3036,0.00K,10741.85,1142.15,1.71B,7667.19,8284.19,5506.33,8214.37,7131.36
4,MKPMOB.BO,238.0,Finance,Financial Conglomerates,94.0,98.0,97.0,93.0,12.6571,10.3036,0.75K,240.3,97.0,811.83M,173.5,156.26,128.2,161.55,132.2
5,INDCEMCAP.BO,26.55,Finance,Financial Conglomerates,92.0,55.0,92.0,95.0,0.7336,0.3393,29.96K,32.43,9.14,576.30M,28.89,25.72,16.91,26.44,18.42
1,CARERATING.NS,1602.7,Commercial Services,Financial Publishing/Services,52.0,37.0,54.0,40.0,37.1429,36.8857,45.65K,1838.0,1392.7,48.22B,1656.63,1681.6,1636.39,1682.02,1646.58
2,ICRA.NS,4318.3,Commercial Services,Financial Publishing/Services,11.0,8.0,16.0,10.0,100.9142,100.4643,28.29K,6620.0,4205.1,41.56B,4582.47,4822.57,5362.74,4799.34,5114.15
1,UNJHAFOR.BO,33.0,Distribution Services,Food Distributors,89.0,92.0,96.0,81.0,1.6993,1.6914,2.09K,36.38,17.52,147.86M,32.41,28.67,23.31,29.13,23.66
2,FRATELLI.BO,121.95,Distribution Services,Food Distributors,78.0,44.0,86.0,89.0,7.5857,7.2964,11.01K,151.0,61.9,5.30B,130.84,117.47,97.03,120.51,97.86
3,PURETROP.BO,182.0,Distribution Services,Food Distributors,75.0,87.0,79.0,28.0,12.1571,11.9393,9.54K,200.0,107.1,1.25B,179.67,167.68,167.92,169.28,166.78
4,OLYOI.BO,30.8,Distribution Services,Food Distributors,71.0,92.0,87.0,62.0,1.3464,1.03,0.07K,37.95,20.52,87.90M,27.23,25.46,25.5,26.18,24.13
5,RRMETAL.BO,43.24,Distribution Services,Food Distributors,66.0,4.0,22.0,72.0,2.8143,1.9521,24.46K,77.81,23.8,389.54M,44.8,56.43,40.21,54.82,44.55
1,VPAL.BO,238.0,Retail Trade,Food Retail,93.0,74.0,94.0,,13.3071,10.5393,40.32K,260.45,116.95,3.95B,228.5,214.92,,218.95,
2,CITYSQUARE.BO,123.55,Retail Trade,Food Retail,61.0,44.0,79.0,3.0,5.8786,3.9607,0.72K,222.2,93.2,1.10B,141.39,128.27,156.08,130.74,153.44
3,PATELRMART.NS,211.0,Retail Trade,Food Retail,51.0,40.0,33.0,70.0,6.0686,6.0071,51.34K,266.0,150.25,7.05B,209.6,219.21,202.67,218.48,206.22
4,ACML.BO,34.99,Retail Trade,Food Retail,36.0,86.0,59.0,39.0,0.5064,0.2214,3.20K,56.0,29.5,512.04M,32.62,32.56,34.53,32.63,33.34
5,SPENCERS.NS,26.24,Retail Trade,Food Retail,4.0,23.0,4.0,34.0,1.1607,1.1586,27.96K,61.4,24.38,2.37B,28.23,30.09,34.05,29.59,32.88
1,CHORDIA.BO,101.5,Consumer Non-Durables,Food: Major Diversified,85.0,96.0,93.0,78.0,4.97,4.3671,0.54K,117.11,63.67,408.87M,99.52,82.74,74.49,85.66,75.43
2,ANSINDUS.BO,20.0,Consumer Non-Durables,Food: Major Diversified,83.0,0.0,95.0,42.0,1.6257,0.915,2.73K,36.61,9.4,185.11M,26.41,20.18,17.15,21.03,17.23
3,LYKISLTD.BO,48.5,Consumer Non-Durables,Food: Major Diversified,74.0,43.0,76.0,47.0,2.785,2.7564,14.39K,61.8,29.21,939.70M,50.3,49.6,46.45,50.13,47.36
4,GILLANDERS.NS,112.72,Consumer Non-Durables,Food: Major Diversified,73.0,80.0,85.0,74.0,6.5093,6.3786,19.24K,129.4,76.0,2.41B,105.59,98.54,93.8,100.42,93.48
5,TIGLOB.BO,208.55,Consumer Non-Durables,Food: Major Diversified,72.0,93.0,85.0,71.0,15.3857,14.3821,1.31K,212.0,142.3,1.06B,183.46,175.67,176.65,177.74,173.57
1,SCPL.NS,620.45,Consumer Non-Durables,Food: Meat/Fish/Dairy,92.0,49.0,74.0,90.0,27.6857,27.6857,5.43K,690.0,190.03,6.51B,640.38,636.09,441.31,640.44,492.1
2,MILKYMIST.NS,308.45,Consumer Non-Durables,Food: Meat/Fish/Dairy,91.0,95.0,,,15.9729,15.3929,4402.19K,333.11,165.0,237.46B,291.56,,,,
3,SCAGRO.BO,36.69,Consumer Non-Durables,Food: Meat/Fish/Dairy,89.0,96.0,95.0,41.0,1.6293,1.1079,5.39K,43.8,14.82,2.79B,28.23,30.31,29.36,30.56,28.09
4,MODAIRY.BO,53.96,Consumer Non-Durables,Food: Meat/Fish/Dairy,86.0,98.0,93.0,82.0,4.3879,4.01,57.51K,54.48,26.56,1.72B,44.28,37.27,35.84,39.02,36.27
5,ESSEX.BO,42.5,Consumer Non-Durables,Food: Meat/Fish/Dairy,83.0,5.0,60.0,91.0,2.1329,1.745,12.00K,54.75,18.25,648.64M,50.07,44.95,36.13,45.31,40.9
1,JAYKAILASH.BO,55.75,Consumer Non-Durables,Food: Specialty/Candy,97.0,16.0,98.0,98.0,4.3086,3.8886,74.72K,75.65,10.73,278.58M,63.25,57.47,32.36,59.03,37.5
2,YASHO.NS,4036.0,Consumer Non-Durables,Food: Specialty/Candy,95.0,39.0,89.0,97.0,189.3071,189.2785,30.32K,4994.0,1130.0,48.66B,4048.54,4062.25,2388.91,4155.96,2784.68
3,SHAHFOOD.BO,328.7,Consumer Non-Durables,Food: Specialty/Candy,93.0,4.0,85.0,91.0,27.2536,27.2536,0.54K,439.0,97.55,7.66B,375.39,378.96,228.78,374.07,259.43
4,OVOBELE.BO,260.0,Consumer Non-Durables,Food: Specialty/Candy,90.0,59.0,89.0,94.0,15.4607,15.4214,6.87K,284.5,105.6,2.47B,262.27,233.32,179.0,238.55,184.32
5,NITTAGELA.NS,1664.3,Consumer Non-Durables,Food: Specialty/Candy,86.0,71.0,51.0,,77.7357,77.7357,3.48K,2087.2,882.0,15.11B,1691.98,1679.56,,1684.69,
1,MEGAMONT.BO,194.6,Non-Energy Minerals,Forest Products,95.0,89.0,65.0,85.0,11.025,10.9786,9.78K,214.2,40.1,6.49B,188.49,167.21,130.23,172.01,158.85
2,PREMIERPOL.NS,90.64,Non-Energy Minerals,Forest Products,91.0,66.0,88.0,73.0,6.1436,6.1229,1563.13K,106.0,38.0,9.49B,89.01,84.17,62.47,84.46,68.38
3,STYLAMIND.NS,3219.9,Non-Energy Minerals,Forest Products,83.0,49.0,58.0,75.0,117.8786,116.7214,57.00K,4150.0,1667.2,54.61B,3307.95,3425.57,2754.44,3427.41,2961.38
4,ECOBOAR.BO,58.91,Non-Energy Minerals,Forest Products,71.0,42.0,62.0,22.0,3.1186,2.9236,13.29K,77.8,32.49,1.56B,61.92,59.68,58.25,60.11,60.61
5,WIPL.NS,161.0,Non-Energy Minerals,Forest Products,51.0,62.0,39.0,41.0,6.4093,6.2586,1.12K,193.2,133.1,1.37B,165.8,166.43,157.17,167.04,160.81
1,RAJSEC.BO,59.2,Utilities,Gas Distributors,81.0,75.0,76.0,61.0,0.205,0.1857,16.11K,66.99,29.0,4.55B,58.06,56.31,46.68,56.76,50.51
2,PETRONET.NS,285.5,Utilities,Gas Distributors,59.0,55.0,65.0,46.0,5.6821,5.225,1872.91K,326.4,235.35,428.25B,286.35,285.37,281.54,286.89,277.24
3,GAIL.NS,171.22,Utilities,Gas Distributors,56.0,61.0,56.0,57.0,2.7121,2.6464,7383.25K,186.87,134.36,1125.79B,172.84,173.74,166.24,173.79,165.86
4,RUDRAGAS.BO,73.88,Utilities,Gas Distributors,54.0,50.0,56.0,64.0,2.8443,1.9929,2.70K,103.03,55.6,616.01M,73.65,71.75,71.98,72.23,73.51
5,MGL.NS,1045.4,Utilities,Gas Distributors,42.0,52.0,42.0,43.0,24.1214,23.8786,135.95K,1335.4,900.0,103.26B,1077.09,1096.3,1097.09,1098.49,1091.93
1,SOURCEIND.BO,69.99,Consumer Durables,Home Furnishings,98.0,98.0,98.0,98.0,1.2057,0.0014,0.60K,69.99,4.38,798.10M,58.41,45.14,19.48,48.22,26.06
2,NILKAMAL.NS,1871.8,Consumer Durables,Home Furnishings,84.0,28.0,92.0,85.0,73.1357,71.9357,22.41K,2149.5,1050.5,28.03B,1966.12,1919.68,1476.94,1934.02,1510.58
3,CALLISTA.BO,138.35,Consumer Durables,Home Furnishings,83.0,38.0,5.0,2.0,7.8607,6.9821,9.87K,225.95,47.09,1.34B,139.9,156.01,161.28,152.79,169.83
4,PARIN.NS,703.85,Consumer Durables,Home Furnishings,70.0,61.0,58.0,53.0,34.5536,34.0714,32.94K,789.0,502.9,7.83B,709.73,712.22,671.18,709.24,682.56
5,PRIMAPLA.BO,137.8,Consumer Durables,Home Furnishings,69.0,42.0,78.0,77.0,9.0429,8.9179,3.18K,156.95,88.0,1.52B,137.16,132.66,120.41,135.17,121.83
1,SHANKARA.NS,124.4,Retail Trade,Home Improvement Chains,45.0,6.0,52.0,43.0,5.1614,5.0557,97.77K,187.53,98.25,3.02B,142.19,142.75,122.22,141.77,127.71
2,MCPL.BO,72.0,Retail Trade,Home Improvement Chains,8.0,1.0,3.0,50.0,3.6343,2.88,9.50K,118.5,60.0,994.10M,79.19,85.71,85.51,84.87,83.8
1,EMROCK.BO,250.1,Consumer Durables,Homebuilding,96.0,36.0,39.0,30.0,19.3821,19.275,2.13K,305.95,43.34,3.96B,253.38,261.25,257.13,261.87,266.79
2,MAPROIN.BO,67.68,Consumer Durables,Homebuilding,91.0,96.0,98.0,71.0,2.4543,1.3229,29.99K,96.65,24.03,567.76M,55.28,55.77,50.51,57.53,47.43
3,BRRL.BO,907.0,Consumer Durables,Homebuilding,88.0,59.0,64.0,16.0,38.3143,36.1464,2.44K,1011.0,310.75,9.37B,913.83,897.42,831.19,903.07,920.77
4,PARSHWANA.BO,95.95,Consumer Durables,Homebuilding,71.0,73.0,91.0,28.0,2.17,1.3371,0.01K,115.55,52.0,300.50M,95.5,85.06,88.31,87.15,86.03
5,ANSALBU.NS,85.13,Consumer Durables,Homebuilding,71.0,82.0,,,8.2121,7.5729,24.19K,107.5,70.64,628.59M,84.45,,,,
1,KOVAI.NS,5993.5,Health Services,Hospital/Nursing Management,93.0,62.0,57.0,,161.3214,160.2857,3.30K,6444.0,2576.65,65.58B,6107.18,6016.66,,6043.5,
2,GKSL.NS,194.27,Health Services,Hospital/Nursing Management,92.0,91.0,93.0,88.0,10.645,10.4664,708.31K,209.8,98.36,15.32B,176.51,155.77,,160.92,136.11
3,AASHKA.BO,105.5,Health Services,Hospital/Nursing Management,83.0,93.0,87.0,86.0,5.8471,4.8193,14.00K,106.0,59.0,2.47B,86.9,79.31,76.89,81.1,76.22
4,ARTEMISMED.NS,336.4,Health Services,Hospital/Nursing Management,83.0,72.0,87.0,81.0,17.6964,16.6286,2419.89K,378.8,203.35,,341.89,322.78,269.84,328.52,278.1
5,YATHARTH.NS,1033.7,Health Services,Hospital/Nursing Management,83.0,79.0,81.0,83.0,49.6643,48.2,1415.68K,1184.0,538.25,99.60B,1050.04,949.84,791.18,960.82,843.63
1,AHLWEST.NS,535.05,Consumer Services,Hotels/Resorts/Cruise Lines,97.0,65.0,36.0,97.0,25.2286,23.4357,0.88K,751.4,137.0,6.23B,527.46,537.04,375.82,535.05,464.43
2,SAYAJIHOTL.NS,304.0,Consumer Services,Hotels/Resorts/Cruise Lines,92.0,47.0,56.0,,13.9929,12.0643,0.07K,365.2,138.7,5.33B,317.94,314.59,,318.26,
3,EMERALL.BO,290.0,Consumer Services,Hotels/Resorts/Cruise Lines,87.0,51.0,94.0,82.0,12.05,11.775,0.72K,325.0,151.0,4.36B,289.61,258.35,206.27,270.01,211.9
4,CORDELIA.NS,100.91,Consumer Services,Hotels/Resorts/Cruise Lines,85.0,53.0,,,4.4471,4.3957,1410.64K,118.53,62.31,73.05B,108.26,97.17,,99.09,
5,RELIABVEN.BO,29.85,Consumer Services,Hotels/Resorts/Cruise Lines,80.0,90.0,76.0,77.0,1.35,1.1057,14.14K,37.05,16.63,328.74M,27.1,26.3,23.38,26.59,24.45
1,STDSFAC.BO,222.25,Consumer Non-Durables,Household/Personal Care,98.0,99.0,99.0,98.0,10.0507,4.2686,28.25K,245.6,44.1,1.84B,159.56,97.83,63.35,109.52,71.16
2,CUPID.NS,312.5,Consumer Non-Durables,Household/Personal Care,98.0,88.0,94.0,98.0,15.3643,15.3643,34189.20K,314.3,41.82,420.21B,278.05,270.3,155.92,276.42,184.03
3,BAJAJCON.NS,497.05,Consumer Non-Durables,Household/Personal Care,83.0,78.0,14.0,72.0,16.9536,16.9214,568.31K,692.0,235.15,64.92B,508.14,507.73,455.06,506.47,506.64
4,PCCOSMA.BO,474.2,Consumer Non-Durables,Household/Personal Care,82.0,87.0,94.0,80.0,25.1964,24.0321,1.22K,540.0,285.55,1.25B,487.35,429.99,359.18,445.43,363.52
5,HIPOLIN.BO,84.16,Consumer Non-Durables,Household/Personal Care,82.0,59.0,81.0,87.0,5.06,4.3957,1.51K,118.8,44.83,263.53M,81.47,94.59,75.36,91.74,81.11
1,TIRUPATIFL.NS,75.16,Producer Manufacturing,Industrial Conglomerates,91.0,85.0,76.0,88.0,3.0029,1.955,423.31K,83.9,30.11,8.89B,71.99,70.63,50.44,70.66,56.47
2,GRAMEVA.BO,79.7,Producer Manufacturing,Industrial Conglomerates,71.0,23.0,5.0,74.0,2.9136,2.1107,0.30K,116.0,45.51,382.51M,86.49,88.35,72.5,88.36,78.01
3,IPRINGLTD.NS,141.95,Producer Manufacturing,Industrial Conglomerates,54.0,2.0,,,8.7629,7.7921,2.65K,187.0,132.0,1.80B,144.54,,,,
4,3MINDIA.NS,30795.0,Producer Manufacturing,Industrial Conglomerates,44.0,30.0,28.0,28.0,1139.6429,1120.3571,6.26K,38030.0,28730.0,346.91B,33033.5,34110.9,33807.12,33841.5,33117.67
5,KCP.NS,154.17,Producer Manufacturing,Industrial Conglomerates,38.0,27.0,35.0,56.0,5.2657,5.1379,105.75K,207.8,125.0,19.88B,159.91,160.43,164.67,160.95,161.25
1,SAPL.BO,8149.1,Producer Manufacturing,Industrial Machinery,98.0,98.0,98.0,98.0,458.4857,378.5535,0.82K,8999.8,1840.95,38.83B,6391.11,4881.12,2898.33,5178.18,3350.84
2,LIPPISYS.BO,214.1,Producer Manufacturing,Industrial Machinery,98.0,80.0,75.0,98.0,11.5679,11.075,6.36K,281.2,23.81,1.50B,221.3,234.01,117.42,229.57,150.17
3,BATLIBOI.NS,82.35,Producer Manufacturing,Industrial Machinery,98.0,51.0,58.0,,3.7779,3.7764,34.16K,106.5,15.7,3.89B,84.56,86.11,,86.0,
4,KABRAEXTRU.NS,765.3,Producer Manufacturing,Industrial Machinery,97.0,95.0,98.0,98.0,48.3,44.9857,317.72K,888.7,180.0,26.76B,713.58,585.58,326.11,612.63,368.64
5,WELCORP.NS,2605.8,Producer Manufacturing,Industrial Machinery,97.0,71.0,96.0,97.0,158.2429,151.8286,2197.83K,2900.0,710.0,687.16B,2660.25,2265.95,1377.66,2341.49,1611.72
1,BODALCHEM.NS,189.75,Process Industries,Industrial Specialties,97.0,98.0,98.0,97.0,10.8229,10.4057,1887.04K,207.7,42.81,23.90B,184.47,123.4,74.95,129.72,86.37
2,BEEZAASAN.BO,725.05,Process Industries,Industrial Specialties,97.0,94.0,97.0,98.0,12.5143,0.0071,16.64K,725.05,177.05,10.99B,611.28,521.95,317.79,546.94,360.41
3,KELENRG.BO,13873.15,Process Industries,Industrial Specialties,97.0,75.0,96.0,98.0,453.2679,319.8858,0.61K,14800.0,2900.0,13.87B,12503.83,11859.2,6361.95,12249.13,7568.28
4,CFL.BO,93.3,Process Industries,Industrial Specialties,95.0,98.0,97.0,88.0,6.69,5.6643,25.18K,107.91,20.5,821.76M,80.11,61.31,52.82,64.64,55.72
5,FCL.NS,55.72,Process Industries,Industrial Specialties,94.0,89.0,91.0,96.0,3.3786,3.3686,21955.79K,62.4,19.1,64.89B,56.56,48.98,33.63,50.42,37.58
1,PRARUH.BO,180.0,Technology Services,Information Technology Services,98.0,98.0,98.0,97.0,7.8893,4.4964,55.40K,189.0,45.0,2.51B,149.1,107.36,66.85,115.22,74.18
2,SANCODE.BO,833.4,Technology Services,Information Technology Services,98.0,97.0,98.0,96.0,12.6464,2.0143,3.40K,833.4,91.95,6.21B,715.7,582.59,314.62,612.78,388.33
3,SIGMAADV.NS,1076.9,Technology Services,Information Technology Services,98.0,96.0,97.0,98.0,54.7786,50.1822,332.88K,1076.9,140.1,204.53B,876.35,758.4,408.15,793.38,504.87
4,AXISOL.BO,640.1,Technology Services,Information Technology Services,98.0,90.0,97.0,96.0,16.0893,9.7786,6.82K,667.75,34.27,30.25B,590.16,531.22,295.36,553.94,368.51
5,STLTECH.NS,955.35,Technology Services,Information Technology Services,98.0,96.0,95.0,98.0,44.3429,40.0714,1525.25K,955.35,84.6,491.10B,846.53,718.04,408.43,745.23,523.18
1,RRFIN.BO,62.0,Finance,Insurance Brokers/Services,2.0,40.0,1.0,10.0,3.6893,3.5864,2.03K,263.7,49.62,685.76M,64.81,68.16,86.36,67.05,74.76
2,TURTLEMINT.NS,69.79,Finance,Insurance Brokers/Services,1.0,0.0,0.0,,9.5829,6.68,3813.50K,160.0,69.25,,120.13,128.31,,124.27,
1,ANTELOPUS.NS,1106.5,Energy Minerals,Integrated Oil,93.0,96.0,90.0,89.0,96.8464,96.725,1543.20K,1290.9,357.0,38.91B,1119.88,943.3,713.41,956.05,793.67
2,HINDOILEXP.NS,167.31,Energy Minerals,Integrated Oil,63.0,60.0,67.0,71.0,6.0671,6.065,420.46K,201.44,117.5,22.13B,179.79,168.15,156.77,167.92,159.17
3,SHRAJOI.BO,25.41,Energy Minerals,Integrated Oil,55.0,78.0,82.0,51.0,0.0864,0.0,0.03K,40.5,21.03,104.00M,24.26,23.68,26.37,23.86,22.63
4,IRMENERGY.NS,257.7,Energy Minerals,Integrated Oil,50.0,27.0,47.0,72.0,8.2393,8.0786,44.04K,377.0,165.4,10.58B,272.32,277.18,261.01,277.32,262.24
5,GNRL.NS,97.18,Energy Minerals,Integrated Oil,40.0,70.0,,,4.6929,4.6907,581.66K,119.4,94.21,12.48B,101.67,,,,
1,MSTCLTD.NS,705.8,Retail Trade,Internet Retail,81.0,51.0,56.0,89.0,28.9964,28.9964,222.84K,805.0,362.15,49.69B,733.65,686.13,543.86,690.74,568.0
2,ISFT.NS,97.91,Retail Trade,Internet Retail,75.0,78.0,86.0,86.0,7.8636,7.6414,211.69K,114.95,54.05,1.60B,90.09,86.28,81.62,87.48,79.59
3,NYKAA.NS,324.95,Retail Trade,Internet Retail,74.0,47.0,67.0,69.0,9.0214,8.9679,3704.77K,349.55,232.0,931.07B,333.75,333.03,285.03,333.39,295.51
4,MANYAVAR.NS,519.2,Retail Trade,Internet Retail,68.0,42.0,87.0,75.0,18.75,18.3607,360.62K,705.0,329.2,126.15B,555.16,524.68,461.65,532.48,447.04
5,HEALTHX.NS,273.0,Retail Trade,Internet Retail,35.0,26.0,28.0,34.0,12.7464,12.7036,5.47K,363.0,252.5,8.68B,294.79,299.62,296.91,297.57,295.23
1,BLSE.NS,322.05,Technology Services,Internet Software/Services,89.0,58.0,83.0,90.0,10.4357,10.425,369.43K,339.8,124.3,29.20B,319.52,314.63,223.94,316.86,243.39
2,INFONATIVE.BO,36.1,Technology Services,Internet Software/Services,78.0,81.0,91.0,64.0,0.8993,0.5464,3.68K,42.27,23.1,427.71M,36.17,35.84,30.38,36.2,30.43
3,TBOTEK.NS,1671.5,Technology Services,Internet Software/Services,72.0,52.0,74.0,79.0,54.1357,53.5357,168.66K,1764.8,1004.2,178.49B,1686.69,1650.54,1430.3,1660.2,1409.53
4,MOTILALOFS.NS,989.9,Technology Services,Internet Software/Services,71.0,54.0,63.0,79.0,27.4393,27.1607,883.14K,1097.1,614.9,596.89B,1014.49,965.24,859.89,974.64,883.42
5,EQUIPPP.NS,22.83,Technology Services,Internet Software/Services,70.0,73.0,69.0,78.0,1.1321,1.1321,12.33K,25.89,13.85,2.35B,23.17,23.06,19.8,23.0,19.88
1,INDUSFINL.BO,328.15,Finance,Investment Banks/Brokers,98.0,96.0,98.0,98.0,7.2786,4.6643,5.58K,329.75,38.94,3.04B,296.08,234.88,119.02,248.63,149.4
2,ACFSL.BO,83.3,Finance,Investment Banks/Brokers,98.0,97.0,97.0,98.0,3.0886,1.1986,1.32K,92.0,20.04,,68.33,66.86,36.45,68.39,43.09
3,MRUTR.BO,75.81,Finance,Investment Banks/Brokers,98.0,0.0,86.0,98.0,1.7457,0.0,1.40K,115.3,1.21,54.77B,92.23,91.95,42.05,91.64,55.5
4,TANDHANIN.BO,145.0,Finance,Investment Banks/Brokers,98.0,11.0,49.0,95.0,9.675,9.45,2.52K,175.0,11.55,7.22B,154.66,147.4,88.39,147.87,116.44
5,STELLANT.BO,941.75,Finance,Investment Banks/Brokers,97.0,14.0,95.0,70.0,49.1214,47.4571,1.79K,1104.6,135.6,5.35B,987.27,952.71,667.34,989.55,726.21
1,NEWMKTAVE.BO,97.21,Finance,Investment Managers,98.0,97.0,98.0,98.0,2.8043,1.1779,0.91K,97.21,9.1,995.43M,75.12,63.97,31.59,67.2,40.24
2,PHOTON.BO,388.05,Finance,Investment Managers,97.0,86.0,97.0,96.0,2.6107,0.0,0.01K,388.05,90.0,1.06B,358.85,346.91,191.65,349.08,223.73
3,ONELIFECAP.NS,41.57,Finance,Investment Managers,95.0,94.0,71.0,95.0,2.1414,2.1414,119.43K,42.0,11.15,1.55B,34.56,34.22,24.19,34.41,27.65
4,ANANDRATHI.NS,2117.5,Finance,Investment Managers,76.0,49.0,64.0,70.0,55.6643,55.6643,494.20K,2268.4,1353.85,351.59B,2181.96,2154.13,1811.55,2165.19,1925.67
5,PRUDENT.NS,3119.1,Finance,Investment Managers,73.0,33.0,66.0,72.0,123.4429,119.05,35.68K,4105.5,2121.0,129.15B,3290.13,3299.24,2795.61,3314.69,2912.42
1,ALTIUSINVIT.BO,179.0,Miscellaneous,Investment Trusts,68.0,70.0,67.0,47.0,1.0164,0.9071,20.00K,180.0,142.0,545.48B,175.74,173.62,164.25,174.46,168.1
2,CITIUSINVT.BO,116.0,Miscellaneous,Investment Trusts,65.0,68.0,73.0,,2.6693,2.4836,1.82K,125.93,101.75,70.76B,116.62,113.7,,114.23,
3,GROWW.NS,180.11,Miscellaneous,Investment Trusts,64.0,43.0,28.0,52.0,5.2779,5.0357,24166.00K,227.2,112.0,1115.16B,190.72,193.1,184.43,192.27,192.44
4,PSPLATINA.BO,1112000.0,Miscellaneous,Investment Trusts,63.0,71.0,64.0,37.0,1928.5714,0.0,,1112000.0,985001.0,3.74B,1099850.0,1094370.02,1058117.85,1096650.1,1067233.33
5,PSTITANIA.BO,1105500.0,Miscellaneous,Investment Trusts,58.0,67.0,62.0,31.0,13964.2857,5357.1429,,1190000.0,990000.0,4.93B,1090025.0,1101210.0,1091715.57,1092050.0,1096987.04
1,STARHEALTH.NS,537.7,Finance,Life/Health Insurance,63.0,47.0,42.0,50.0,17.9786,17.9143,1630.68K,624.9,416.55,316.38B,553.57,570.35,516.33,567.1,538.27
2,CANHLIFE.NS,143.85,Finance,Life/Health Insurance,61.0,34.0,61.0,28.0,5.4921,5.4557,1050.80K,166.69,106.0,136.30B,151.78,151.08,145.43,151.41,145.09
3,LICI.NS,391.85,Finance,Life/Health Insurance,41.0,43.0,38.0,36.0,9.6929,9.0893,7858.55K,468.48,360.75,4956.90B,402.92,409.31,412.85,410.45,408.77
4,SBILIFE.NS,1721.6,Finance,Life/Health Insurance,40.0,60.0,51.0,20.0,42.5357,41.6286,1345.78K,2132.0,1652.9,1727.46B,1722.89,1778.5,1878.87,1774.08,1814.89
5,BAJAJFINSV.NS,1732.6,Finance,Life/Health Insurance,37.0,12.0,38.0,33.0,36.4714,34.1786,802.33K,2195.0,1597.0,2772.58B,1847.82,1942.13,1882.54,1932.04,1827.82
1,RBLBANK.NS,411.4,Finance,Major Banks,78.0,82.0,77.0,71.0,11.1714,10.0036,4004.05K,429.6,272.1,638.35B,411.63,394.48,344.23,399.4,358.97
2,SOUTHBANK.NS,47.44,Finance,Major Banks,77.0,74.0,64.0,69.0,1.595,1.5757,17798.01K,50.68,29.26,124.27B,46.92,46.46,42.64,46.69,43.29
3,FEDERALBNK.NS,318.2,Finance,Major Banks,73.0,24.0,53.0,56.0,7.275,7.275,6981.31K,371.7,191.8,786.04B,334.1,346.52,304.85,343.21,314.85
4,MAHABANK.NS,80.5,Finance,Major Banks,70.0,54.0,37.0,63.0,2.4979,2.4029,14069.44K,94.5,54.66,619.17B,82.65,81.62,75.36,82.09,79.29
5,UNIONBANK.NS,167.59,Finance,Major Banks,63.0,22.0,64.0,28.0,4.2886,3.8814,8261.82K,205.49,135.29,1279.32B,177.78,179.98,174.56,180.13,174.4
1,STLNETWORK.NS,47.18,Communications,Major Telecommunications,94.0,98.0,96.0,96.0,2.7757,2.275,12274.40K,56.5,15.75,23.04B,41.93,32.14,25.8,33.83,27.88
2,TATACOMM.NS,1683.0,Communications,Major Telecommunications,52.0,52.0,30.0,58.0,48.1857,48.15,216.63K,2110.0,1322.5,479.80B,1726.92,1725.99,1706.58,1722.71,1714.51
3,ITI.NS,241.54,Communications,Major Telecommunications,20.0,19.0,15.0,26.0,7.1943,7.105,237.50K,372.85,237.0,232.57B,256.96,269.57,284.52,267.67,280.74
4,RAILTEL.NS,257.2,Communications,Major Telecommunications,15.0,30.0,16.0,31.0,9.3607,8.9036,1201.02K,400.8,245.0,82.55B,261.78,275.21,307.58,273.46,294.27
5,MTNL.NS,24.66,Communications,Major Telecommunications,11.0,30.0,17.0,46.0,1.0386,1.0279,757.11K,44.67,21.26,15.54B,24.28,25.93,29.29,25.86,27.99
1,PPARIVAH.BO,302.95,Transportation,Marine Shipping,92.0,81.0,89.0,93.0,11.8571,11.5357,11.88K,312.0,125.0,3.44B,296.82,272.96,194.71,281.02,209.49
2,GESHIP.NS,1530.6,Transportation,Marine Shipping,76.0,89.0,69.0,36.0,39.7643,39.2,1128.11K,1798.0,994.6,215.67B,1447.99,1382.82,1370.52,1386.94,1434.45
3,GPPL.NS,165.88,Transportation,Marine Shipping,59.0,57.0,71.0,48.0,4.1629,4.1629,1243.99K,200.09,141.55,80.22B,162.3,159.49,161.9,160.52,155.67
4,DREDGECORP.NS,895.2,Transportation,Marine Shipping,55.0,5.0,19.0,48.0,33.6643,33.5857,73.22K,1286.0,538.0,25.07B,999.03,1059.97,1017.19,1061.37,1014.27
5,GLOTTIS.NS,58.41,Transportation,Marine Shipping,43.0,31.0,28.0,77.0,3.2621,3.2186,136.41K,93.0,37.0,5.40B,59.81,63.47,58.84,63.67,60.96
1,APPL.BO,360.8,Distribution Services,Medical Distributors,98.0,89.0,94.0,95.0,9.2429,6.3821,12.28K,370.5,32.81,6.19B,345.74,307.81,188.47,315.45,229.27
2,ARVAYA.BO,120.0,Distribution Services,Medical Distributors,96.0,61.0,96.0,92.0,5.1571,3.4393,0.48K,145.0,43.29,5.76B,123.16,122.16,74.14,119.83,83.57
3,QMSMEDI.NS,195.67,Distribution Services,Medical Distributors,95.0,92.0,97.0,95.0,9.8079,8.9964,105.55K,216.79,68.95,3.78B,178.0,149.1,104.42,154.67,111.95
4,NEXUSSURGL.BO,31.49,Distribution Services,Medical Distributors,92.0,96.0,94.0,89.0,2.1686,2.0929,4.51K,35.79,13.26,172.31M,31.42,24.24,20.01,25.07,21.38
5,ENTERO.NS,1680.8,Distribution Services,Medical Distributors,87.0,33.0,91.0,66.0,82.4786,81.4929,291.42K,1920.0,944.0,73.15B,1794.69,1571.95,1256.04,1601.33,1329.69
1,SETL.NS,416.95,Health Technology,Medical Specialties,96.0,82.0,93.0,98.0,19.2214,15.8429,902.08K,468.15,104.56,83.18B,419.74,352.29,204.74,361.54,233.8
2,HSIL.BO,610.5,Health Technology,Medical Specialties,94.0,98.0,95.0,96.0,41.1,38.4893,70.44K,629.75,215.0,8.88B,504.59,421.56,343.98,430.15,369.34
3,CHOKSI.BO,205.05,Health Technology,Medical Specialties,90.0,5.0,86.0,83.0,14.5357,14.5214,1.97K,266.45,75.0,1.17B,221.03,229.03,163.41,229.8,179.55
4,NURECA.NS,349.85,Health Technology,Medical Specialties,86.0,74.0,94.0,83.0,18.8071,18.7786,12.61K,376.0,204.0,3.50B,339.32,331.06,282.85,337.3,283.06
5,LENSKART.NS,691.15,Health Technology,Medical Specialties,86.0,75.0,87.0,69.0,22.8714,22.2357,11028.99K,725.0,356.1,1196.68B,684.6,639.43,532.32,648.58,560.85
1,ASPIRA.BO,131.25,Health Services,Medical/Nursing Services,91.0,96.0,62.0,94.0,8.835,7.14,2.66K,144.0,49.0,1.35B,114.21,106.45,86.26,107.44,95.93
2,JSTL.BO,84.71,Health Services,Medical/Nursing Services,85.0,90.0,69.0,64.0,4.7864,4.7864,24.69K,93.9,35.0,1.69B,79.59,77.24,73.34,78.07,76.6
3,SURAKSHA.NS,350.15,Health Services,Medical/Nursing Services,80.0,73.0,86.0,77.0,15.4714,15.4679,112.76K,360.0,224.1,18.24B,340.85,309.53,282.65,315.73,287.07
4,LALPATHLAB.NS,2005.1,Health Services,Medical/Nursing Services,80.0,78.0,83.0,77.0,65.5786,65.5786,452.02K,2038.6,1272.6,334.81B,1926.14,1911.83,1597.77,1921.92,1661.94
5,VIJAYA.NS,1428.0,Health Services,Medical/Nursing Services,79.0,44.0,67.0,82.0,56.0143,55.9929,135.45K,1593.6,848.0,147.08B,1498.37,1461.47,1201.5,1462.22,1278.97
1,MODMA.BO,34.0,Producer Manufacturing,Metal Fabrication,98.0,1.0,1.0,84.0,1.2143,0.8136,1.53K,85.79,2.62,3.96B,38.67,43.98,37.22,42.83,48.28
2,MENONBE.NS,288.4,Producer Manufacturing,Metal Fabrication,95.0,46.0,96.0,96.0,18.825,18.0786,72.05K,330.0,101.5,16.16B,300.77,270.61,168.66,275.93,189.21
3,OMNI.NS,608.65,Producer Manufacturing,Metal Fabrication,95.0,88.0,81.0,94.0,28.1429,28.1429,1182.94K,764.85,176.25,75.27B,549.09,570.62,,565.94,469.16
4,NATFIT.BO,311.6,Producer Manufacturing,Metal Fabrication,94.0,97.0,98.0,92.0,18.6036,15.1214,34.40K,330.0,133.6,2.83B,279.61,213.68,173.09,224.35,178.84
5,AANCHALISP.BO,62.21,Producer Manufacturing,Metal Fabrication,93.0,35.0,1.0,95.0,3.885,3.7979,4.34K,508.0,7.62,263.36M,65.42,68.45,49.08,67.68,58.59
1,INOVSYNTH.BO,157.35,Miscellaneous,Miscellaneous,91.0,86.0,83.0,93.0,1.05,0.2357,23.27K,157.35,50.1,14.61B,145.59,140.81,99.22,141.68,108.56
2,ASHIKAG.NS,392.05,Miscellaneous,Miscellaneous,35.0,24.0,,,13.8393,13.6393,16.15K,451.0,381.0,,407.9,,,,
3,SCILAL.NS,36.65,Miscellaneous,Miscellaneous,18.0,26.0,18.0,32.0,1.1179,1.1171,359.78K,55.0,34.3,17.07B,37.87,39.54,43.49,39.14,42.49
1,GBLINFRA.BO,120.68,Commercial Services,Miscellaneous Commercial Services,97.0,97.0,98.0,98.0,2.11,0.5843,0.83K,173.0,15.0,170.69M,103.46,80.33,92.11,87.93,57.75
2,HYPERSOFT.BO,196.1,Commercial Services,Miscellaneous Commercial Services,94.0,55.0,46.0,82.0,12.0071,8.6143,23.18K,230.05,51.25,16.56B,184.17,198.56,144.38,197.35,173.56
3,SMTEL.BO,330.15,Commercial Services,Miscellaneous Commercial Services,94.0,13.0,7.0,6.0,19.1429,17.3357,0.36K,594.35,63.63,5.97B,340.52,395.15,377.6,376.31,412.02
4,AMALGAM.BO,134.5,Commercial Services,Miscellaneous Commercial Services,93.0,42.0,91.0,97.0,0.3357,0.2393,0.00K,147.91,38.9,373.44M,137.4,139.28,85.68,140.67,93.74
5,BLUSPRING.NS,147.82,Commercial Services,Miscellaneous Commercial Services,93.0,92.0,81.0,96.0,8.4571,8.3479,505.64K,152.5,43.98,22.10B,133.76,124.83,85.51,128.23,96.0
1,SAMTELIN.BO,55.85,Producer Manufacturing,Miscellaneous Manufacturing,98.0,97.0,57.0,95.0,1.9779,1.0193,20.45K,72.95,1.89,395.86M,44.94,42.92,31.66,42.67,40.85
2,PANKAJPO.BO,126.55,Producer Manufacturing,Miscellaneous Manufacturing,97.0,20.0,97.0,91.0,8.4179,5.6821,8.40K,179.05,16.42,701.58M,138.68,114.91,74.42,117.63,83.92
3,RAMGOPOLY.BO,29.99,Producer Manufacturing,Miscellaneous Manufacturing,96.0,27.0,96.0,79.0,1.3429,0.9771,4.59K,38.49,5.12,434.86M,29.26,30.55,21.84,31.36,23.53
4,AMEENJI.BO,272.1,Producer Manufacturing,Miscellaneous Manufacturing,95.0,93.0,97.0,94.0,8.5821,7.4286,8.04K,274.15,96.05,3.07B,231.76,198.91,148.81,209.31,161.76
5,KKPLASTICK.BO,54.4,Producer Manufacturing,Miscellaneous Manufacturing,94.0,77.0,97.0,91.0,0.185,0.185,0.33K,54.4,22.61,300.75M,53.23,51.69,34.12,52.59,37.52
1,ZELIO.BO,1056.05,Consumer Durables,Motor Vehicles,97.0,93.0,96.0,97.0,35.1143,14.8286,18.00K,1099.5,154.9,22.34B,921.11,847.83,539.16,868.2,621.53
2,ATHERENERG.NS,1406.1,Consumer Durables,Motor Vehicles,92.0,3.0,85.0,88.0,57.1357,56.2857,3732.91K,1744.0,582.0,556.98B,1548.14,1492.62,1014.26,1511.47,1142.35
3,SMLMAH.NS,6251.0,Consumer Durables,Motor Vehicles,91.0,89.0,94.0,82.0,276.0,270.0357,52.05K,6898.5,2719.0,90.46B,6456.25,5684.61,4441.08,5913.51,4597.64
4,TVSMOTOR.NS,4021.0,Consumer Durables,Motor Vehicles,67.0,45.0,74.0,52.0,90.65,86.6929,721.22K,4484.5,3228.0,1910.88B,4113.42,4226.11,3761.89,4236.29,3764.21
5,TMCV.NS,415.5,Consumer Durables,Motor Vehicles,59.0,18.0,51.0,32.0,13.5857,13.4143,7039.18K,509.0,306.3,1530.20B,438.56,448.48,430.91,449.57,423.83
1,JOJO.BO,225.2,Consumer Services,Movies/Entertainment,95.0,93.0,98.0,94.0,5.4143,2.475,50.63K,235.1,72.0,15.53B,222.29,182.33,133.81,189.71,138.56
2,IDREAM.BO,491.9,Consumer Services,Movies/Entertainment,92.0,2.0,20.0,84.0,8.4393,1.925,0.04K,659.0,168.05,133.09B,549.13,595.36,407.94,577.29,459.86
3,PFOCUS.NS,301.55,Consumer Services,Movies/Entertainment,78.0,78.0,86.0,14.0,16.7571,16.6036,4735.76K,367.0,161.01,234.84B,321.7,302.08,272.8,301.49,284.03
4,SUNSHINE.NS,453.0,Consumer Services,Movies/Entertainment,76.0,67.0,,,27.8214,26.8786,1214.61K,524.95,326.25,14.11B,435.01,,,,
5,SAREGAMA.NS,494.75,Consumer Services,Movies/Entertainment,75.0,66.0,62.0,78.0,17.7143,17.5464,434.62K,574.5,307.05,94.97B,497.01,507.11,412.79,505.85,439.92
1,ABCAPITAL.NS,375.05,Finance,Multi-Line Insurance,63.0,43.0,44.0,61.0,9.6429,8.9143,3031.87K,430.7,287.7,1026.81B,392.73,400.8,364.98,400.69,370.97
2,NIACL.NS,160.21,Finance,Multi-Line Insurance,50.0,8.0,25.0,67.0,8.4307,8.0407,6399.96K,242.6,116.97,264.03B,190.39,184.44,163.52,185.31,169.1
3,RELIGARE.NS,224.59,Finance,Multi-Line Insurance,33.0,19.0,23.0,41.0,7.11,7.0271,741.12K,280.0,196.51,76.64B,247.55,243.95,238.17,241.87,238.52
4,HDFCLIFE.NS,534.2,Finance,Multi-Line Insurance,23.0,60.0,45.0,13.0,16.3679,13.9857,5777.45K,788.5,508.7,1160.31B,535.82,541.0,618.66,541.97,574.83
5,GODIGIT.NS,256.3,Finance,Multi-Line Insurance,13.0,58.0,16.0,6.0,9.475,9.4643,1992.92K,374.0,231.65,236.95B,252.62,257.03,304.06,257.49,292.7
1,SURAJINDPP.BO,24.6,Nan,Nan,91.0,91.0,88.0,57.0,1.4086,1.2921,10.00K,24.6,6.5,1.92B,22.58,20.63,15.89,21.19,19.13
1,WSTCSTPAPR.NS,727.65,Producer Manufacturing,Office Equipment/Supplies,89.0,86.0,90.0,86.0,31.0536,31.0536,227.13K,777.0,375.0,48.06B,717.52,648.39,506.78,662.16,544.75
2,MOHITPPR.BO,26.04,Producer Manufacturing,Office Equipment/Supplies,41.0,57.0,54.0,29.0,1.0364,0.9521,0.59K,38.79,23.75,364.56M,26.52,27.23,28.22,26.99,27.58
3,DOMS.NS,2097.5,Producer Manufacturing,Office Equipment/Supplies,29.0,38.0,37.0,14.0,46.8286,45.4071,25.56K,2755.0,2020.0,127.29B,2126.9,2190.98,2301.38,2175.72,2240.15
4,NAVNETEDUL.NS,123.87,Producer Manufacturing,Office Equipment/Supplies,23.0,30.0,18.0,27.0,3.4043,3.4007,101.45K,166.0,120.35,27.40B,125.91,131.21,140.53,130.27,137.45
5,FLAIR.NS,226.57,Producer Manufacturing,Office Equipment/Supplies,14.0,22.0,27.0,6.0,8.4543,8.4179,80.72K,345.0,216.82,23.88B,236.54,245.61,286.58,244.27,277.01
1,RIIL.NS,666.85,Industrial Services,Oil & Gas Pipelines,23.0,16.0,17.0,34.0,17.8179,17.5929,43.97K,964.0,617.35,10.07B,707.54,731.92,752.13,731.85,749.72
1,ASIANENE.NS,466.75,Energy Minerals,Oil & Gas Production,88.0,45.0,91.0,89.0,26.4464,26.4464,253.77K,565.7,230.0,22.68B,499.82,460.12,344.94,463.19,370.98
2,PRABHA.NS,218.31,Energy Minerals,Oil & Gas Production,79.0,73.0,93.0,74.0,11.5414,11.5271,131.39K,262.8,137.91,34.08B,233.81,199.71,171.34,204.13,172.1
3,BHAGWOX.BO,38.89,Energy Minerals,Oil & Gas Production,51.0,78.0,73.0,35.0,2.9614,2.4764,0.56K,48.76,31.5,89.95M,38.58,38.15,38.15,38.39,36.49
4,VOGL.NS,31.98,Energy Minerals,Oil & Gas Production,25.0,6.0,6.0,,1.2521,1.2307,23269.77K,47.6,30.42,124.85B,35.13,36.49,,36.16,
1,GULFPETRO.NS,62.45,Energy Minerals,Oil Refining/Marketing,92.0,30.0,95.0,95.0,3.2557,3.1893,72.02K,71.4,23.25,3.18B,63.17,61.13,41.14,61.85,43.99
2,CHENNPETRO.NS,1346.4,Energy Minerals,Oil Refining/Marketing,85.0,52.0,81.0,70.0,67.1143,67.0143,1588.37K,1677.5,716.8,200.49B,1450.41,1380.33,1096.64,1375.7,1177.09
3,MRPL.NS,164.76,Energy Minerals,Oil Refining/Marketing,64.0,48.0,73.0,14.0,6.7429,6.6564,9993.96K,212.31,132.15,288.76B,170.15,170.85,167.88,169.83,167.72
4,CASTROLIND.NS,199.04,Energy Minerals,Oil Refining/Marketing,62.0,80.0,72.0,46.0,3.8786,3.8586,5341.94K,207.2,170.1,196.87B,193.34,189.64,185.85,191.33,185.85
5,OIL.NS,444.0,Energy Minerals,Oil Refining/Marketing,56.0,22.0,68.0,16.0,10.35,10.1036,1873.63K,531.0,395.6,722.21B,478.27,471.1,461.59,470.07,463.91
1,CRYOGENIC.BO,443.0,Industrial Services,Oilfield Services/Equipment,96.0,93.0,94.0,96.0,13.6536,10.3714,17.48K,443.15,151.0,6.33B,395.89,367.53,242.48,377.5,273.73
2,TRISHAKT.BO,251.55,Industrial Services,Oilfield Services/Equipment,91.0,61.0,93.0,90.0,12.7893,12.7071,18.90K,284.9,114.9,4.25B,243.88,238.0,172.25,238.57,184.38
3,DEEPINDS.NS,749.0,Industrial Services,Oilfield Services/Equipment,90.0,87.0,95.0,85.0,33.4179,33.0643,266.34K,825.0,330.0,47.94B,766.08,692.3,499.83,710.13,545.06
4,DOLPHIN.NS,628.1,Industrial Services,Oilfield Services/Equipment,89.0,82.0,95.0,79.0,46.0036,45.6036,69.95K,749.5,322.0,25.13B,670.67,572.28,451.11,587.46,459.83
5,OILCOUNTUB.NS,78.14,Industrial Services,Oilfield Services/Equipment,84.0,90.0,88.0,92.0,1.4357,0.5229,47.82K,82.17,35.65,4.39B,67.39,62.69,55.77,63.69,57.2
1,TRADWIN.BO,460.0,Consumer Services,Other Consumer Services,97.0,6.0,23.0,10.0,10.0143,4.8107,0.02K,846.45,47.04,1.38B,465.12,548.48,582.9,536.39,569.48
2,YAANENT.BO,164.05,Consumer Services,Other Consumer Services,92.0,95.0,95.0,87.0,11.55,10.6107,2.42K,172.0,70.0,508.56M,135.16,123.29,105.77,128.15,109.62
3,CPCAP.NS,140.85,Consumer Services,Other Consumer Services,80.0,92.0,88.0,88.0,7.2657,7.1643,62.85K,160.5,73.51,2.56B,143.01,128.04,106.49,129.16,106.93
4,EASTRED.BO,29.58,Consumer Services,Other Consumer Services,56.0,58.0,63.0,32.0,2.5307,2.2843,0.78K,35.99,23.2,154.79M,30.18,30.11,29.56,30.04,29.12
5,IRONWOOD.BO,43.5,Consumer Services,Other Consumer Services,51.0,17.0,32.0,43.0,3.3836,3.3093,9.66K,62.8,37.0,729.96M,46.08,48.65,47.03,47.81,46.08
1,AJCJEWEL.BO,432.6,Consumer Durables,Other Consumer Specialties,98.0,98.0,98.0,98.0,18.5214,9.7786,13.92K,432.6,71.15,2.63B,310.1,212.81,128.26,233.59,144.17
2,TBZ.NS,623.45,Consumer Durables,Other Consumer Specialties,98.0,98.0,98.0,98.0,34.9929,33.0607,653.71K,698.6,110.5,41.60B,586.69,406.94,224.11,427.16,253.67
3,SJCORP.BO,190.0,Consumer Durables,Other Consumer Specialties,96.0,75.0,96.0,95.0,0.3964,0.1321,1.48K,191.8,61.75,8.24B,187.65,182.91,105.7,183.61,122.49
4,SKYGOLD.NS,810.65,Consumer Durables,Other Consumer Specialties,95.0,75.0,92.0,95.0,31.7072,31.7072,747.28K,868.8,275.8,125.55B,803.64,771.26,509.28,774.82,575.34
5,TIMEX.NS,729.5,Consumer Durables,Other Consumer Specialties,93.0,87.0,91.0,,36.8929,36.6679,1142.45K,748.0,323.0,,670.97,616.98,,634.4,
1,JTLDEFENCE.BO,713.9,Non-Energy Minerals,Other Metals/Minerals,98.0,76.0,89.0,98.0,19.3714,7.9714,0.30K,924.0,55.58,7.51B,803.92,670.5,328.42,681.32,432.32
2,NRL.NS,156.61,Non-Energy Minerals,Other Metals/Minerals,96.0,95.0,95.0,97.0,6.2286,5.0371,124.20K,167.26,45.1,10.82B,144.96,126.67,78.4,130.51,88.7
3,PARMESHWAR.BO,305.0,Non-Energy Minerals,Other Metals/Minerals,96.0,74.0,94.0,95.0,13.6286,12.0143,15.70K,344.4,65.1,4.67B,315.95,255.6,185.16,265.11,204.3
4,SBCL.NS,1066.4,Non-Energy Minerals,Other Metals/Minerals,94.0,70.0,89.0,95.0,60.85,59.4857,237.27K,1215.7,368.6,61.43B,1104.52,1007.02,669.32,1027.81,756.04
5,CUBEXTUB.NS,166.1,Non-Energy Minerals,Other Metals/Minerals,93.0,98.0,97.0,93.0,11.4579,10.3579,777.67K,175.83,73.1,2.38B,107.66,90.23,94.58,95.3,90.33
1,SHREEJISPG.NS,775.35,Transportation,Other Transportation,95.0,92.0,93.0,94.0,21.8893,21.7036,832.85K,780.0,222.0,126.32B,717.64,672.58,478.5,685.23,524.74
2,ADANIPORTS.NS,1737.8,Transportation,Other Transportation,67.0,79.0,42.0,64.0,45.5929,40.5786,2047.67K,1891.1,1292.0,4003.82B,1762.41,1721.38,1632.95,1731.92,1692.59
3,REPONO.BO,78.0,Transportation,Other Transportation,60.0,54.0,23.0,84.0,3.7221,3.165,31.20K,107.0,43.06,801.78M,76.33,78.66,69.04,78.9,71.17
4,SICALLOG.NS,87.08,Transportation,Other Transportation,54.0,13.0,44.0,69.0,4.7764,4.7764,41.97K,122.5,60.11,6.95B,95.63,101.95,84.26,102.21,84.3
5,STARLOG.BO,37.86,Transportation,Other Transportation,41.0,67.0,60.0,26.0,1.9186,1.8179,0.59K,57.03,32.07,566.65M,38.4,38.84,38.54,38.96,38.97
1,ISERA.BO,143.9,Technology Services,Packaged Software,98.0,62.0,69.0,95.0,1.0214,0.0,1.23K,151.05,6.73,1.21B,144.26,144.04,84.14,143.9,108.06
2,PURPLEWAVE.BO,342.35,Technology Services,Packaged Software,97.0,5.0,98.0,97.0,16.1071,6.3607,2.90K,431.0,95.1,3.17B,380.21,312.63,165.81,331.38,187.78
3,AMRAPLIN.BO,34.3,Technology Services,Packaged Software,94.0,84.0,84.0,94.0,2.615,2.615,5.11K,44.77,12.65,1.76B,36.68,35.53,23.7,35.69,27.39
4,SHADOWFAX.NS,273.15,Technology Services,Packaged Software,94.0,79.0,82.0,94.0,12.0,11.9036,5437.64K,292.2,98.55,160.32B,263.94,252.35,,255.63,203.46
5,EXATO.BO,625.65,Technology Services,Packaged Software,93.0,5.0,95.0,90.0,29.0357,26.9929,15.80K,785.95,266.0,6.30B,709.73,673.93,448.13,680.8,493.87
1,MAXGROW.BO,167.15,Commercial Services,Personnel Services,98.0,70.0,98.0,97.0,4.5821,2.3071,24.88K,196.45,17.06,6.68B,177.66,136.04,73.88,143.84,83.92
2,QUESS.NS,336.2,Commercial Services,Personnel Services,85.0,15.0,78.0,90.0,14.325,14.325,592.85K,388.75,166.3,50.22B,347.91,340.96,248.07,342.1,263.21
3,AARVI.NS,137.12,Commercial Services,Personnel Services,58.0,28.0,48.0,44.0,4.2071,4.1514,9.29K,168.4,115.99,2.03B,139.4,146.86,135.57,145.64,138.69
4,TEAMLEASE.NS,1179.4,Commercial Services,Personnel Services,18.0,34.0,18.0,31.0,33.25,33.2429,16.48K,1872.2,1065.2,18.02B,1215.18,1241.16,1329.27,1232.48,1284.38
5,ITCONS.BO,262.35,Commercial Services,Personnel Services,13.0,43.0,38.0,32.0,17.8536,17.7464,19.86K,620.0,230.5,2.36B,272.72,280.48,330.52,281.49,302.27
1,ZIMLAB.NS,137.02,Health Technology,Pharmaceuticals: Generic,90.0,90.0,75.0,93.0,8.1414,8.1229,123.03K,144.49,59.31,7.35B,134.47,124.06,96.3,125.87,106.42
2,ZENLABS.BO,28.1,Health Technology,Pharmaceuticals: Generic,66.0,37.0,10.0,80.0,3.2764,3.2471,2.11K,39.99,16.5,182.93M,29.58,28.2,25.89,28.08,27.83
3,JAGSNPHARM.NS,231.73,Health Technology,Pharmaceuticals: Generic,65.0,51.0,55.0,59.0,9.5836,9.4921,1064.68K,264.5,155.0,15.28B,233.62,233.94,205.82,234.15,215.95
4,NUTRICIRCLE.BO,270.0,Health Technology,Pharmaceuticals: Generic,51.0,82.0,43.0,4.0,0.0,0.0,0.04K,411.4,186.0,3.00B,269.27,262.84,320.33,261.98,292.26
5,DENISCHEM.BO,67.41,Health Technology,Pharmaceuticals: Generic,25.0,41.0,29.0,52.0,1.9907,1.97,18.23K,97.35,56.1,935.43M,69.47,70.03,73.88,69.78,72.04
1,PARMAX.BO,137.75,Health Technology,Pharmaceuticals: Major,98.0,77.0,95.0,98.0,0.2857,0.0607,2.01K,137.75,22.6,515.36M,134.88,123.48,62.67,126.57,75.47
2,VINRKLB.BO,49.86,Health Technology,Pharmaceuticals: Major,98.0,57.0,93.0,69.0,1.0643,0.1721,2.30K,59.4,4.5,300.56M,53.7,42.93,31.9,44.99,39.83
3,MOREPENLAB.NS,133.72,Health Technology,Pharmaceuticals: Major,97.0,94.0,98.0,98.0,7.6379,7.6093,16007.08K,135.29,33.05,73.27B,118.78,97.18,57.08,102.82,64.86
4,INDSWFTLAB.NS,395.15,Health Technology,Pharmaceuticals: Major,97.0,81.0,97.0,96.0,24.2786,23.7929,746.56K,424.75,87.15,34.36B,387.23,330.81,191.49,336.34,221.72
5,BLISSGVS.NS,683.6,Health Technology,Pharmaceuticals: Major,97.0,83.0,89.0,96.0,32.3786,31.8107,521.60K,739.9,118.0,72.69B,696.58,595.67,366.8,609.17,437.33
1,TRANSCHEM.BO,415.15,Health Technology,Pharmaceuticals: Other,97.0,91.0,87.0,95.0,15.1071,14.3393,7.68K,433.0,58.0,5.08B,390.26,350.69,244.0,356.26,274.69
2,VEERHEALTH.BO,49.88,Health Technology,Pharmaceuticals: Other,95.0,65.0,94.0,94.0,2.0779,2.0779,72.58K,52.0,16.7,997.52M,49.87,47.65,29.06,48.24,33.27
3,CHEMKART.BO,241.4,Health Technology,Pharmaceuticals: Other,91.0,95.0,93.0,96.0,9.8857,7.0107,46.92K,250.0,87.0,2.92B,203.5,195.94,145.3,198.09,158.06
4,SUDEEPPHRM.NS,1199.8,Health Technology,Pharmaceuticals: Other,91.0,54.0,90.0,91.0,55.9214,54.3286,195.78K,1378.0,524.05,135.52B,1199.61,1109.56,786.67,1125.99,853.09
5,AUROPHARMA.NS,1676.8,Health Technology,Pharmaceuticals: Other,78.0,63.0,65.0,61.0,36.1286,35.9214,909.14K,1740.0,1066.8,964.79B,1688.3,1646.92,1421.49,1658.26,1516.16
1,REMAGNET.BO,378.0,Non-Energy Minerals,Precious Metals,48.0,35.0,42.0,4.0,20.0871,19.9775,72.20K,590.0,198.91,49.03B,367.6,366.52,422.93,365.41,406.49
2,DECNGOLD.NS,195.69,Non-Energy Minerals,Precious Metals,15.0,14.0,,,8.665,8.5257,955.51K,250.8,188.4,39.33B,216.56,,,,
1,DACHEPALLI.BO,100.58,Consumer Services,Publishing: Books/Magazines,83.0,94.0,82.0,91.0,5.0393,4.1207,21.96K,105.0,48.1,1.51B,93.66,85.64,,87.11,77.7
2,MPSLTD.NS,2628.4,Consumer Services,Publishing: Books/Magazines,82.0,61.0,90.0,86.0,99.9357,99.7357,12.26K,2979.0,1336.1,44.62B,2645.54,2712.94,2011.01,2724.17,2111.98
3,SCHAND.NS,143.57,Consumer Services,Publishing: Books/Magazines,40.0,81.0,48.0,37.0,5.6143,5.6021,34.97K,200.0,127.73,5.06B,137.94,139.45,152.14,139.74,149.24
1,HMVL.NS,77.44,Consumer Services,Publishing: Newspapers,54.0,17.0,26.0,69.0,4.3271,4.2971,48.49K,108.16,55.2,5.71B,78.78,87.34,75.74,85.57,77.48
2,SANDESH.NS,990.05,Consumer Services,Publishing: Newspapers,50.0,35.0,58.0,53.0,31.0571,31.0571,0.45K,1270.0,811.0,7.49B,1027.96,1034.29,1008.99,1035.67,998.56
3,HTMEDIA.NS,22.38,Consumer Services,Publishing: Newspapers,42.0,5.0,38.0,56.0,1.3821,1.3821,88.89K,31.3,17.52,5.18B,24.28,25.5,23.26,25.43,23.47
4,JAGRAN.NS,61.55,Consumer Services,Publishing: Newspapers,37.0,67.0,47.0,26.0,1.0421,1.0064,144.77K,78.9,59.5,13.40B,62.15,62.25,65.2,62.26,64.27
5,DBCORP.NS,172.52,Consumer Services,Publishing: Newspapers,12.0,11.0,32.0,16.0,4.9907,4.9907,78.68K,280.55,169.81,30.75B,185.16,198.38,215.2,196.4,203.52
1,CELLA.BO,39.82,Process Industries,Pulp & Paper,97.0,83.0,98.0,96.0,3.0879,3.0879,22.65K,45.7,11.65,802.42M,40.84,33.4,19.83,34.01,22.54
2,RGIL.BO,44.59,Process Industries,Pulp & Paper,88.0,1.0,54.0,85.0,0.8607,0.2907,0.36K,63.8,20.6,2.93B,52.12,55.34,39.27,54.46,44.29
3,EMAMIPAP.NS,116.84,Process Industries,Pulp & Paper,84.0,80.0,89.0,91.0,5.7421,5.5779,29.89K,133.7,55.0,7.07B,115.74,114.13,89.83,113.7,91.71
4,PRABHATAM.BO,27.7,Process Industries,Pulp & Paper,79.0,77.0,77.0,64.0,0.0936,0.0,0.02K,27.7,18.79,6.14B,27.11,26.35,23.25,26.53,24.22
5,STHINPA.BO,118.0,Process Industries,Pulp & Paper,79.0,65.0,76.0,68.0,4.95,4.8536,5.55K,136.0,65.1,2.21B,117.85,113.03,98.46,113.88,101.49
1,CONCOR.NS,442.0,Transportation,Railroads,33.0,8.0,36.0,30.0,12.8179,12.5,1548.04K,557.0,421.45,336.64B,481.06,501.25,492.43,500.4,485.43
2,GATEWAY.NS,51.88,Transportation,Railroads,27.0,57.0,20.0,29.0,1.0343,1.0271,535.75K,65.42,48.1,25.92B,52.83,54.49,57.03,54.18,56.09
1,ARIHANT.NS,894.1,Finance,Real Estate Development,98.0,62.0,76.0,,55.9929,55.225,2.61K,1225.0,39.65,9.71B,906.62,990.41,,984.83,
2,PRIMIND.BO,92.65,Finance,Real Estate Development,96.0,98.0,98.0,98.0,4.1321,1.0293,7.04K,92.65,22.1,2.20B,59.92,48.46,43.68,51.47,45.17
3,MNIL.BO,60.73,Finance,Real Estate Development,93.0,98.0,96.0,76.0,5.5893,5.5886,72.95K,61.0,20.01,1.56B,40.51,35.91,39.07,38.2,38.76
4,GALLOPENT.BO,39.99,Finance,Real Estate Development,90.0,89.0,93.0,81.0,2.7514,2.6,0.10K,42.0,16.36,200.41M,38.23,37.51,27.14,38.05,29.74
5,IBULLSLTD.NS,29.43,Finance,Real Estate Development,90.0,90.0,60.0,97.0,1.4,1.2693,15837.00K,32.5,8.9,65.96B,27.98,27.7,19.86,27.72,22.65
1,FUNDVISER.BO,435.2,Finance,Real Estate Investment Trusts,87.0,72.0,75.0,45.0,17.0214,15.9357,1.63K,484.4,179.5,3.44B,411.74,406.86,354.76,410.76,401.39
2,MINDSPACE.BO,499.69,Finance,Real Estate Investment Trusts,62.0,66.0,64.0,41.0,7.9336,7.7614,1029.65K,525.5,441.28,330.79B,500.4,496.87,479.28,498.07,478.28
3,NXST.BO,165.92,Finance,Real Estate Investment Trusts,59.0,61.0,62.0,39.0,2.29,2.29,10.42K,175.0,150.2,251.37B,166.55,167.14,160.67,166.78,160.54
4,BAGMANE.BO,106.66,Finance,Real Estate Investment Trusts,57.0,67.0,65.0,,2.6529,2.6507,24.69K,112.0,102.0,362.64B,108.54,107.4,,107.6,
5,BIRET.BO,330.76,Finance,Real Estate Investment Trusts,52.0,51.0,55.0,29.0,4.7229,4.6121,26.32K,376.5,311.26,274.49B,338.4,341.11,336.08,340.23,331.98
1,KVTOYS.BO,266.95,Consumer Durables,Recreational Products,50.0,57.0,63.0,72.0,14.6107,12.4929,4.62K,363.9,180.0,1.68B,278.56,277.07,,278.34,263.04
2,COSCO.BO,178.95,Consumer Durables,Recreational Products,25.0,43.0,25.0,35.0,6.1786,5.5714,0.92K,260.0,160.0,744.61M,186.4,189.23,198.75,187.58,191.93
3,STUDDS.NS,399.85,Consumer Durables,Recreational Products,18.0,22.0,24.0,12.0,14.2929,14.2929,133.63K,600.0,389.15,15.74B,412.03,429.9,474.62,426.41,455.1
1,MUNOTHFI.BO,62.15,Finance,Regional Banks,94.0,81.0,97.0,97.0,0.8036,0.4121,0.01K,66.5,16.4,319.16M,60.54,53.69,36.49,55.26,37.62
2,ESAFSFB.NS,43.4,Finance,Regional Banks,88.0,76.0,86.0,92.0,2.0443,2.0429,892.82K,45.0,19.78,22.40B,40.97,41.01,31.19,41.61,32.99
3,TMB.NS,872.05,Finance,Regional Banks,87.0,47.0,75.0,76.0,28.0072,27.5643,154.68K,954.2,420.0,138.09B,897.94,882.62,719.1,883.47,765.19
4,KTKBANK.NS,321.6,Finance,Regional Banks,86.0,53.0,83.0,73.0,10.7786,10.7464,1753.11K,345.9,170.26,121.62B,327.19,317.8,255.36,319.94,277.29
5,KARURVYSYA.NS,325.3,Finance,Regional Banks,76.0,35.0,75.0,42.0,9.5071,9.3679,1896.88K,358.65,208.5,314.46B,330.54,336.28,302.55,335.93,306.64
1,UFBL.NS,692.75,Consumer Services,Restaurants,96.0,65.0,55.0,97.0,37.9,37.8393,33.60K,850.0,172.34,27.10B,700.91,731.17,452.22,733.32,548.49
2,RBA.NS,92.22,Consumer Services,Restaurants,81.0,29.0,83.0,80.0,3.1307,3.1221,3130.70K,111.15,57.15,65.68B,94.95,92.58,72.84,94.09,76.02
3,SPECIALITY.NS,153.5,Consumer Services,Restaurants,79.0,85.0,80.0,87.0,6.1514,6.1007,26.38K,167.46,82.7,7.40B,144.42,142.45,117.23,143.51,121.1
4,WESTLIFE.NS,588.05,Consumer Services,Restaurants,67.0,79.0,79.0,55.0,23.7821,23.375,232.88K,690.75,398.4,91.27B,566.15,559.02,503.38,565.95,500.16
5,DEVYANI.NS,127.07,Consumer Services,Restaurants,57.0,26.0,75.0,66.0,4.2921,4.1957,1990.65K,172.4,91.55,156.67B,136.83,135.15,122.84,135.7,119.55
1,NSDL.BO,752.75,Finance,Savings Banks,13.0,34.0,29.0,19.0,13.3643,13.1214,437.03K,1219.0,747.1,150.55B,789.05,805.04,885.21,802.23,840.72
1,GRERENEW.BO,233.0,Electronic Technology,Semiconductors,95.0,96.0,93.0,94.0,10.5679,8.7607,41.28K,245.0,77.5,3.33B,197.51,184.49,,188.51,152.58
2,HIGHNESS.BO,251.95,Electronic Technology,Semiconductors,92.0,96.0,90.0,,4.1321,0.5679,4.68K,251.95,107.5,1.30B,219.56,198.24,,203.86,
3,UTLSOLAR.NS,401.65,Electronic Technology,Semiconductors,89.0,25.0,80.0,91.0,19.1321,18.6857,235.25K,494.25,172.0,123.27B,425.04,422.45,297.73,424.12,332.65
4,EMMVEE.NS,305.9,Electronic Technology,Semiconductors,75.0,46.0,23.0,71.0,12.3571,11.9893,2900.04K,371.55,171.51,211.79B,327.69,324.97,271.42,323.31,298.33
5,RIR.NS,176.97,Electronic Technology,Semiconductors,64.0,87.0,,,12.0071,11.5257,6078.94K,213.94,154.0,14.08B,184.67,171.33,,172.15,
1,GICRE.NS,323.9,Finance,Specialty Insurance,29.0,25.0,34.0,12.0,8.5143,8.1464,515.95K,417.95,316.8,568.25B,341.42,350.16,370.33,349.52,368.36
2,ICICIGI.NS,1563.0,Finance,Specialty Insurance,25.0,64.0,30.0,14.0,44.5786,44.1286,1123.76K,2064.9,1423.1,780.90B,1499.36,1573.87,1764.35,1561.63,1705.72
1,DUKEOFS.BO,89.22,Retail Trade,Specialty Stores,98.0,98.0,98.0,97.0,1.5386,0.0536,8.00K,89.22,13.12,879.46M,74.45,57.29,28.97,61.29,35.3
2,RECODE.BO,450.0,Retail Trade,Specialty Stores,95.0,98.0,98.0,,23.1536,17.6536,28.48K,469.6,171.0,4.79B,384.93,313.89,,331.17,
3,DPABHUSHAN.NS,1874.0,Retail Trade,Specialty Stores,91.0,95.0,97.0,90.0,87.2572,84.9072,202.53K,1924.4,866.1,42.78B,1451.55,1441.43,1214.45,1465.08,1181.17
4,CONFIPET.NS,86.05,Retail Trade,Specialty Stores,90.0,81.0,79.0,93.0,4.4379,4.4371,2774.70K,93.2,28.06,28.59B,87.1,81.66,58.14,82.56,68.05
5,LALITHAA.NS,387.85,Retail Trade,Specialty Stores,89.0,97.0,,,18.9607,15.2607,8223.43K,395.0,240.35,217.08B,338.15,,,,
1,STML.BO,75.6,Communications,Specialty Telecommunications,52.0,86.0,77.0,79.0,2.1293,0.7929,5.16K,113.65,49.0,731.52M,74.04,70.31,72.79,71.03,67.59
2,ONMOBILE.NS,48.78,Communications,Specialty Telecommunications,16.0,59.0,1.0,53.0,2.6064,2.5836,61.13K,84.0,40.21,5.19B,49.89,56.22,54.47,55.06,54.58
3,TTML.NS,34.82,Communications,Specialty Telecommunications,12.0,17.0,15.0,41.0,1.4464,1.3764,10530.01K,60.08,31.22,68.07B,35.76,37.49,41.6,37.29,40.21
4,GTPL.NS,55.39,Communications,Specialty Telecommunications,9.0,52.0,36.0,22.0,2.0857,1.9821,39.13K,118.25,50.85,6.23B,56.91,56.84,67.2,56.78,61.66
1,SALSTEEL.NS,98.92,Non-Energy Minerals,Steel,96.0,92.0,96.0,95.0,5.0229,4.6257,756.16K,102.4,26.1,14.32B,84.05,74.09,55.54,77.08,61.22
2,STEELCO.BO,202.75,Non-Energy Minerals,Steel,96.0,1.0,88.0,91.0,5.9,2.9821,2.04K,269.1,15.0,1.28B,234.55,203.21,130.35,209.67,158.88
3,RATNAVEER.NS,345.45,Non-Energy Minerals,Steel,95.0,91.0,97.0,95.0,20.1429,20.1429,9118.90K,354.5,130.5,28.99B,313.5,266.84,186.66,275.03,200.96
4,NEETUYOSHI.BO,238.85,Non-Energy Minerals,Steel,94.0,97.0,95.0,97.0,14.7071,13.9321,104.40K,258.0,71.3,9.27B,216.53,183.77,129.16,190.1,144.31
5,INDIAHOMES.BO,26.61,Non-Energy Minerals,Steel,93.0,64.0,79.0,89.0,1.13,1.13,675.07K,31.89,9.04,10.59B,27.04,25.47,19.42,25.92,21.96
1,HFCL.NS,238.36,Electronic Technology,Telecommunications Equipment,96.0,67.0,75.0,97.0,9.8107,8.2107,4969.87K,256.7,59.82,364.75B,224.68,220.84,143.25,223.5,171.98
2,VALIANT.BO,1686.35,Electronic Technology,Telecommunications Equipment,94.0,97.0,94.0,88.0,106.9357,106.3214,40.25K,1891.35,620.55,19.72B,1401.34,1224.25,1057.22,1271.94,1128.32
3,ROSSTECH.NS,1522.3,Electronic Technology,Telecommunications Equipment,94.0,95.0,94.0,93.0,89.9572,89.6714,423.14K,1536.8,551.9,57.60B,1336.18,1170.36,911.73,1196.31,1010.43
4,SMARTLINK.NS,212.1,Electronic Technology,Telecommunications Equipment,86.0,60.0,83.0,91.0,9.195,8.8964,2.82K,241.81,103.5,2.12B,216.88,217.21,161.8,218.65,175.48
5,ASTRAMICRO.NS,1624.5,Electronic Technology,Telecommunications Equipment,82.0,49.0,29.0,88.0,50.5571,50.1929,250.16K,1960.0,851.0,154.24B,1650.78,1700.46,1305.27,1709.74,1448.09
1,SHANTAI.BO,91.48,Process Industries,Textiles,98.0,64.0,46.0,85.0,0.3707,0.3707,2.44K,102.01,11.69,685.50M,90.75,91.5,68.24,91.42,86.13
2,PARMSILK.BO,346.0,Process Industries,Textiles,97.0,88.0,55.0,97.0,5.8714,4.1321,0.16K,472.35,64.2,1.04B,324.84,328.14,188.11,332.2,230.67
3,SPICEISLIN.BO,99.55,Process Industries,Textiles,97.0,53.0,53.0,87.0,5.085,5.085,16.99K,110.0,14.2,3.10B,92.6,96.22,72.17,96.02,82.91
4,RAYMOND.NS,1197.2,Process Industries,Textiles,96.0,98.0,97.0,97.0,77.4036,76.8214,4027.30K,1241.0,320.0,79.68B,1023.9,784.65,543.22,821.6,603.72
5,TEJASSVI.BO,65.0,Process Industries,Textiles,96.0,59.0,86.0,86.0,5.3243,5.3243,4.16K,74.0,13.8,3.78B,63.04,64.87,42.51,64.72,48.64
1,VIRATCRA.BO,34.99,Consumer Non-Durables,Tobacco,37.0,85.0,37.0,39.0,1.47,1.3136,0.75K,49.2,27.0,714.63M,33.33,34.07,35.34,33.8,35.32
2,NTCIND.NS,129.51,Consumer Non-Durables,Tobacco,35.0,53.0,,,7.765,7.735,1.44K,147.0,126.3,,134.51,,,,
3,SINNAR.BO,676.0,Consumer Non-Durables,Tobacco,18.0,46.0,30.0,5.0,0.9857,0.0,0.01K,996.0,613.0,270.40M,686.37,697.72,764.6,687.75,750.48
4,GODFRYPHLP.NS,1849.7,Consumer Non-Durables,Tobacco,16.0,16.0,23.0,23.0,49.0714,45.8071,182.66K,3486.0,1830.0,288.52B,1956.85,2075.61,2168.59,2062.52,2137.47
5,VSTIND.NS,201.14,Consumer Non-Durables,Tobacco,15.0,51.0,6.0,25.0,3.9143,3.8986,113.30K,286.78,200.0,34.10B,205.35,212.11,236.26,210.65,234.17
1,JAINEX.BO,180.3,Consumer Durables,Tools & Hardware,84.0,92.0,93.0,88.0,13.3071,13.2429,5.17K,218.9,95.55,404.68M,173.82,148.42,127.22,152.19,129.81
2,KPT.BO,484.0,Consumer Durables,Tools & Hardware,33.0,74.0,30.0,69.0,24.5429,24.0071,2.23K,748.8,335.0,1.65B,476.81,486.66,518.83,485.06,488.53
3,AAIL.BO,85.46,Consumer Durables,Tools & Hardware,24.0,53.0,58.0,45.0,3.7093,3.5286,2.21K,204.6,74.05,921.94M,87.59,98.08,98.03,96.27,94.24
4,KOKUYOCMLN.NS,74.77,Consumer Durables,Tools & Hardware,21.0,43.0,19.0,31.0,1.9514,1.9514,26.14K,111.0,71.05,7.50B,77.07,80.45,84.52,79.99,83.67
5,LIOTECH.BO,119.95,Consumer Durables,Tools & Hardware,1.0,95.0,2.0,,5.3379,3.8786,8.96K,257.0,83.53,467.85M,97.42,98.62,,99.72,
1,INTSTOIL.BO,51.5,Transportation,Trucking,86.0,15.0,88.0,87.0,3.2936,3.2936,1.44K,67.95,28.0,257.10M,52.32,46.49,37.58,47.96,39.89
2,RITCO.NS,276.7,Transportation,Trucking,71.0,28.0,71.0,78.0,12.9464,12.9393,66.12K,331.15,167.1,7.88B,294.44,300.4,255.98,297.05,258.82
3,VRLLOG.NS,285.05,Transportation,Trucking,69.0,43.0,82.0,54.0,5.4607,5.2643,114.91K,310.2,225.0,49.87B,289.39,287.11,262.6,288.24,258.66
4,OBCL.NS,54.39,Transportation,Trucking,50.0,60.0,54.0,18.0,2.945,2.8407,13.30K,62.0,46.51,1.15B,56.52,54.99,55.22,55.02,55.1
5,JITFINFRA.NS,275.45,Transportation,Trucking,34.0,15.0,35.0,24.0,12.2143,12.2143,15.88K,433.15,222.35,7.08B,287.28,312.02,309.52,304.71,311.62
1,SWANDEF.NS,2718.2,Producer Manufacturing,Trucks/Construction/Farm Machinery,95.0,87.0,79.0,84.0,127.2071,127.2071,18.69K,2804.9,605.95,143.20B,2659.43,2533.06,2049.92,2578.35,2204.46
2,QUINT.NS,68.74,Producer Manufacturing,Trucks/Construction/Farm Machinery,93.0,98.0,,,6.1707,4.1064,213.69K,90.0,35.58,3.25B,61.55,,,,
3,AIRFLOA.BO,522.45,Producer Manufacturing,Trucks/Construction/Farm Machinery,91.0,86.0,95.0,91.0,30.7464,29.6357,133.50K,593.85,246.0,12.52B,537.68,436.2,340.06,456.77,363.01
4,KMEW.NS,2950.1,Producer Manufacturing,Trucks/Construction/Farm Machinery,91.0,66.0,88.0,90.0,145.7428,143.2357,158.44K,3175.0,1084.6,74.83B,2914.64,2780.0,2100.21,2810.34,2231.77
5,CRAFTSMAN.NS,10266.0,Producer Manufacturing,Trucks/Construction/Farm Machinery,82.0,25.0,76.0,75.0,393.6429,393.6429,59.46K,11999.0,6324.0,268.50B,11049.45,10681.71,8716.0,10757.6,9144.13
1,VOLKAI.BO,18.27,Distribution Services,Wholesale Distributors,97.0,79.0,98.0,98.0,1.0039,0.6361,153.57K,19.7,4.0,216.13M,16.92,13.83,7.8,14.68,9.24
2,SIMANDHAR.BO,141.95,Distribution Services,Wholesale Distributors,97.0,41.0,66.0,41.0,6.0571,4.6071,5.29K,189.1,21.5,433.93M,149.08,151.93,,150.67,143.21
3,CCAL.BO,50.6,Distribution Services,Wholesale Distributors,96.0,94.0,97.0,96.0,0.7093,0.1257,6.60K,50.6,15.68,825.63M,44.37,37.36,24.34,38.91,27.12
4,MARINE.NS,436.55,Distribution Services,Wholesale Distributors,94.0,68.0,94.0,96.0,27.6964,27.3607,3194.11K,450.0,150.86,61.09B,412.0,372.88,255.3,383.68,279.94
5,SBC.NS,58.54,Distribution Services,Wholesale Distributors,93.0,96.0,91.0,89.0,2.0464,2.0007,15369.39K,59.5,21.7,27.88B,49.95,44.56,36.57,45.87,39.71
1,BHARTIARTL.NS,1741.1,Communications,Wireless Telecommunications,34.0,31.0,38.0,21.0,28.6286,25.5072,6801.60K,2174.5,1726.3,10862.13B,1817.55,1883.5,1906.75,1884.33,1866.83
2,BHARTIHEXA.NS,1379.2,Communications,Wireless Telecommunications,29.0,25.0,47.0,14.0,37.3857,34.9071,101.16K,1955.6,1365.6,689.60B,1498.17,1545.75,1575.25,1535.02,1527.65
