Rank,Sector,RS,1 M_RS,3M_RS,6M_RS,Ticker
1,Nan,90,86,85,66,SURAJINDPP.BO
2,Health Technology,62,58,59,61,"VINRKLB.BO,PARMAX.BO,BLISSGVS.NS,INDSWFTLAB.NS,TRANSCHEM.BO,MOREPENLAB.NS,SHILPAMED.NS,VIKRAMTH.BO,SETL.NS,BAFNAPH.NS,NOVARTIND.NS,VEERHEALTH.BO,SAKAR.NS,VENUSREM.NS,RUBICON.NS,HSIL.BO,VALIANTLAB.NS,ASTONEALAB.BO,CHEMKART.BO,LAURUSLABS.NS,KOPRAN.NS,SUDEEPPHRM.NS,ZIMLAB.NS,MARKSANS.NS,AKUMS.NS,CHOKSI.BO,NGLFINE.NS,NURECA.NS,ACUTAAS.NS,SHUKRAPHAR.NS,SENORES.NS,DIVISLAB.NS,SUVEN.NS,AMANTA.NS,BALPHARMA.NS,GLAND.NS,LENSKART.NS,ANL.BO,BPLPHARMA.NS,AAREYDRUGS.NS,INNOVACAP.NS,COLINZ.BO,TITANBIO.BO,ANG.BO,SMSPHARMA.NS,RAAJMEDI.BO,SMRUTHIORG.BO,NOVATEOR.BO,RPGLIFE.NS,NEULANDLAB.NS,ALIVUS.NS,TLL.BO,CAPLIPOINT.NS,ORCHPHARMA.NS,WOCKPHARMA.NS,AMKAY.BO,AARTIPHARM.NS,SGRL.NS,SHAMROIN.BO,SOLARA.NS,WINDLAS.NS,UNICHEMLAB.NS,CORONA.NS,GRANULES.NS,SHREEPAC.BO,EMCURE.NS,CRSTCHM.BO,AJANTPHARM.NS,IPCALAB.NS,MOLBIO.NS,AUROPHARMA.NS,SPARC.NS,GUFICBIO.NS,SUDARSHAN.BO,GODAVARI.BO,KILITCH.NS,SUPRIYA.NS,PHRMASI.BO,PPLPHARMA.NS,FERMENTA.NS,AMBALALSA.NS,ALBERTDAVD.NS,HESTERBIO.NS,BETA.NS,HEXAGON.NS,ANTHEM.NS,NOVELIX.BO,LYKALABS.NS,CSURGSU.BO,MEDICAMEQ.NS,BRAWN.BO,ZYDUSLIFE.NS,TORNTPHARM.NS,BERLDRG.BO,ALEMBICLTD.NS,STAR.NS,INDGN.NS,CORALAB.BO,MAKERSL.NS,SIGACHI.NS,GLAXO.NS,PANJON.BO,SAIPARENT.NS,SHELTER.BO,HAMPS.BO,JAGSNPHARM.NS,GLENMARK.NS,INDOCO.NS,ANUHPHR.NS,VOEPL.NS,HALEOSLABS.NS,THEMISMED.NS,BDH.BO,MANKIND.NS,TTKHLTCARE.NS,AARTIDRUGS.NS,GUJTHEM.NS,ZENLABS.BO,JUBLPHARMA.NS,GVBL.BO,BLUEJET.NS,LACTOSE.BO,VIYASH.NS,SUNPHARMA.NS,APLLTD.NS,KPL.NS,LINCOLN.NS,KIMIABL.BO,HIKAL.NS,MEDICAPQ.NS,SUNLOC.NS,POLYMED.NS,CONCORD.BO,KREBSBIO.NS,ABBOTINDIA.NS,ISHITADR.BO,NUTRICIRCLE.BO,FREDUN.NS,NATCAPSUQ.NS,GUJTERC.BO,BIOCON.NS,MANGALAM.NS,AUROLAB.BO,PRAVEG.NS,DRREDDY.NS,COHANCE.NS,PGHL.NS,ANURAS.NS,CIPLA.NS,ROOPAIND.BO,ALKEM.NS,VRL.BO,ZENOTECH.BO,ZOTA.NS,SANJIVIN.BO,MERCURYLAB.BO,OXYGENTAPH.BO,ONESOURCE.NS,PARNAXLAB.NS,PREVEST.BO,LUPIN.NS,NATCOPHARM.NS,SANDUPHQ.BO,MICEL.NS,DENISCHEM.BO,BIOFILCHEM.NS,PANCHSHEEL.BO,SOURCENTRL.BO,EARKART.BO,AMRUTANJAN.NS,BAJAJHCARE.NS,JENBURPH.NS,TYCHE.BO,EMMESSA.BO,PANACEABIO.NS,ALPA.NS,FABTECH.NS,FDC.NS,SANOFICONR.NS,SANOFI.NS,ERIS.NS,STARSOURCE.BO,PFIZER.NS,WANBURY.NS,SYSCHEM.BO,DCAL.NS,PHARMAID.BO,ASTRAZEN.NS,GKB.NS,BROOKS.NS,SDL.BO,KERALAYUR.BO,TRANSPACT.BO,MEDICO.NS"
3,Producer Manufacturing,53,52,49,53,"SAMTELIN.BO,HARCR.BO,LIPPISYS.BO,MODMA.BO,SAPL.BO,BATLIBOI.NS,KABRAEXTRU.NS,COSPOWER.BO,PANKAJPO.BO,WELCORP.NS,BIRLACABLE.NS,INDOSMC.BO,RAMGOPOLY.BO,BHAGYANGR.NS,SHTL.BO,HIIL.BO,MENONBE.NS,ADMACH.BO,DIACABS.NS,SANSERA.NS,SWANDEF.NS,AMEENJI.BO,WHEELS.NS,AEROFLEX.NS,AFLTD.BO,MANINDS.NS,NATFIT.BO,KSHINTL.NS,DEEDEV.NS,MACPOWER.NS,SWITCHTE.BO,YASHHV.BO,QUINT.NS,AANCHALISP.BO,OMNI.NS,TDPOWERSYS.NS,SIZEMASTER.BO,KKPLASTICK.BO,SEDEMAC.NS,SSWL.NS,MODINSU.BO,CORDSCABLE.NS,GTIL.BO,UNIMECH.NS,MILLWORKS.BO,PRECWIRE.NS,KMEW.NS,TECHNOCRAT.BO,NRBBEARING.NS,HITECHCORP.NS,MSAFE.BO,DIKSHA.BO,RNITAI.BO,LTELEVATOR.BO,INDOTECH.NS,SYSTEMATIC.BO,SWASTIKAAL.BO,ATHARVA.BO,HAPPYFORGE.NS,INDOMIM.NS,RAMRAT.NS,AIRFLOA.BO,TIRUPATIFL.NS,AZAD.NS,QPOWER.NS,GMMPFAUDLR.NS,PPEL.BO,GALAGEX.BO,FINCABLES.NS,UNIPARTS.NS,KIRLOSENG.NS,GNA.NS,SIMMOND.BO,SHIVAUM.NS,KALYANIFRG.NS,MITSU.BO,ACCORDTS.BO,SONACOMS.NS,DIVGIITTS.NS,SHREEREF.BO,KENNAMET.NS,WSTCSTPAPR.NS,RRKABEL.NS,KRN.NS,AMIC.BO,SUNITATOOL.BO,RML.NS,MMFL.NS,BIRLAPREC.NS,GEE.BO,CHANDNIMACH.BO,DYNAMATECH.NS,AUSTENG.NS,INOXINDIA.NS,RISHABH.NS,ADOR.NS,FABCLEAN.BO,IYKOTHITE.BO,GALXBRG.BO,BRPL.BO,SATANIBRG.BO,KROSS.NS,QUADFUTURE.NS,VARROC.NS,ROLEXRINGS.NS,INDNIPPON.NS,YUKEN.NS,DLTNCBL.BO,BHEL.NS,OMAXAUTO.NS,SHRIPISTON.NS,ATLANTAELE.NS,LUMAXTECH.NS,SUSAN.BO,NIRAJISPAT.NS,SIMPLEXCAS.BO,MAZDA.NS,FOSECOC.BO,PLAZACABLE.NS,AMS.BO,JNKINDIA.NS,CRAFTSMAN.NS,MAGNAELQ.BO,TALBROAUTO.NS,ASKAUTOLTD.NS,GALAPREC.NS,SBVCL.BO,EIMCOELECO.NS,REXNORD.BO,POWERICA.NS,SOMANYCERA.NS,ORIENTBELL.NS,MOTHERSON.NS,PTCIL.NS,CARNATIN.BO,HIRECT.NS,MVELECTRO.NS,JASH.NS,KANPRPLA.NS,APOLLOPIPE.NS,RKFORGE.NS,INCON.BO,EMAINDIA.BO,AEROENTER.NS,DYCL.NS,UNIABEXAL.BO,PATELSAI.BO,ACE.NS,EXPOEAPL.BO,EMMFORCE.BO,PITTIENG.NS,RACLGEAR.NS,MUNJALAU.NS,BOSCHLTD.NS,PRICOLLTD.NS,SJS.NS,GGDPROP.BO,SUNDRMFAST.NS,JYOTICNC.NS,ARCHIDPLY.NS,HIMTEK.BO,GGAUTO.BO,DHOOTTRANS.NS,IKOMA.BO,SHANTIGEAR.NS,RISHILASE.BO,VETO.NS,LAXMIPATI.BO,SNL.BO,DIFFNKG.NS,VELJAN.NS,SOTEFIN.BO,BELRISE.NS,KASTURI.BO,VOLTAMP.NS,BIMETAL.NS,ALICON.NS,GABRIEL.NS,INVPRECQ.NS,UCAL.NS,TIIL.NS,HARSHA.NS,TEXMOPIPES.NS,GREAVESCOT.NS,SCHNEIDER.NS,SHYAMMETL.NS,PARACABLES.NS,KUNSTOFF.BO,FILTRON.BO,ELGIEQUIP.NS,SMAUTO.BO,BHARATFORG.NS,REMSONSIND.NS,ORIRAIL.NS,IIRM.BO,HLEGLAS.NS,MINDACORP.NS,GVT&D.NS,SIEMENS.NS,EXICOM.NS,RAJRATAN.NS,CTCL.BO,AMDIND.NS,LMW.NS,TEXRAIL.NS,SKIPPER.NS,DHAVAL.BO,FRONTSP.NS,RTSPOWR.NS,TIL.NS,ABB.NS,KAJARIACER.NS,LCL.NS,KECL.NS,CGPOWER.NS,SEALMATIC.BO,IKIO.NS,GREENPLY.NS,EXIDEIND.NS,POLYCON.BO,LAKSHMIEW.BO,JAMNAAUTO.NS,GRAMEVA.BO,ADVAIT.NS,BHARATSE.NS,KAKA.BO,CLN.BO,BEML.NS,PIXTRANS.NS,BOROLTD.NS,AUTOIND.NS,GARFIBRES.NS,ITL.NS,INTEGSW.BO,LUMAXIND.NS,SONALAD.BO,NARMADESH.BO,INDCTST.BO,TOTEM.BO,AJAXENGG.NS,JAGANLAM.BO,LGBBROSLTD.NS,WINDMACHIN.NS,WENDT.NS,RANEHOLDIN.NS,ENRIN.NS,SHARDAMOTR.NS,AXTEL.NS,USHAMART.NS,RICOAUTO.NS,MACPLASQ.BO,INGERRAND.NS,SKFINDUS.NS,ACROW.BO,JMA.NS,IONEXCHANG.NS,BDI.BO,NARMP.BO,PPAP.NS,ELGIRUBCO.NS,ENDURANCE.NS,NIBL.NS,SUPRAJIT.NS,HIGHENE.BO,BEMHY.BO,KIRLOSBROS.NS,PORWAL.BO,PERMAGN.NS,CARRARO.NS,WPIL.NS,LATTEYS.NS,WALCHANNAG.NS,KIRLPNU.NS,IPRINGLTD.NS,TEMBO.NS,VJLAXMIE.BO,MENNPIS.NS,KSB.NS,KVFORGE.BO,INDIANHUME.NS,AIKPIPES.BO,ZFCVINDIA.NS,LASERPOWER.NS,MOLDTKPAC.NS,HARISH.BO,CUMMINSIND.NS,UNOMINDA.NS,3MINDIA.NS,DUTRON.BO,ALKOSIGN.BO,GRPLTD.NS,CEETAIN.BO,HMT.NS,GUJRAFFIA.NS,TITAGARH.NS,POLYCAB.NS,HAWKINCOOK.NS,ESABINDIA.NS,COSMOFE.BO,HBLENGINE.NS,PPL.NS,SAMRATFORG.BO,CRANEX.BO,ARISINT.BO,ISTLTD.NS,SUPREMEIND.NS,MUNJALSHOW.NS,AIAENG.NS,INTEGRAEN.BO,SHILCTECH.NS,SRIGEE.BO,ADVLIFE.BO,TIMKEN.NS,SOLIMAC.BO,MIVENMACH.BO,SAATVIKGL.NS,EPBIO.BO,BALUFORGE.NS,ALPHAIND.BO,KEI.NS,ASTRAL.NS,LAKSELEC.BO,JAYUSH.BO,INTLCONV.NS,AMCOIND.BO,TRITURBINE.NS,MAMATA.NS,ENKEIWHEL.NS,SCHAEFFLER.NS,WHBRADY.NS,ASHOKLEY.NS,AUTOAXLES.NS,ROTO.NS,PYRAMID.NS,FMGOETZE.NS,JIGAR.BO,AEGEUS.BO,ONIXSOLAR.NS,AUTOPINS.BO,RHIM.NS,DISAQ.NS,SUNDRMBRAK.NS,PRINCEPIPE.NS,HORIZON.BO,AHMDSTE.BO,DHPIND.BO,SHREMETAL.BO,ARTSON.BO,IFGLEXPOR.NS,SALAUTO.BO,BONLON.NS,EVEREADY.NS,ALFREDHE.NS,ELECON.NS,MOHITPPR.BO,JDCABLES.BO,IGARASHI.NS,SINTERCOM.NS,AZTEC.BO,THERMAX.NS,AFFORDABLE.NS,NDMETAL.BO,AMBER.NS,FORBESCO.BO,UVDRHOR.BO,TENNIND.NS,ACGL.NS,ATIL.BO,RUNGTAIR.BO,BALGOPAL.BO,MAHSCOOTER.NS,GALLARD.BO,FLUIDOM.BO,COMRADE.BO,SWARAJENG.NS,CMRGREEN.NS,SHAYONAENG.BO,CYBELEIND.BO,HAWAENG.BO,KCP.NS,ZFSTEERING.NS,VGUARD.NS,ALFAICA.BO,INDAG.BO,EKC.NS,BLUESTARCO.NS,ENVAIREL.BO,HITECHGEAR.NS,SWELECTES.NS,BANCOINDIA.NS,BHARATWIRE.NS,ELEMARB.BO,STOVACQ.BO,NIPPOBATRY.NS,MARSONS.NS,AEL.BO,SUNCLAY.NS,SHILGRAVQ.NS,SAMKRG.BO,DELTAMAGNT.NS,CENTEXT.NS,PROSTARM.NS,CPL.NS,STDBAT.BO,KAYCEEI.BO,NESCO.NS,RAJOOENG.NS,VISHALBL.BO,KEL.BO,HINDCOMPOS.NS,BALMLAWRIE.NS,SHIVAGR.BO,RASANDIK.BO,CENTURYPLY.NS,AARON.NS,ARE&M.NS,DALBHARAT.NS,PRADPME.NS,ORICONENT.NS,MALPANI.BO,FIEMIND.NS,JYOTI.BO,VSTTILLERS.NS,CIEINDIA.NS,ADARSHPL.BO,STERTOOLS.NS,ASIANTILES.NS,S&SPOWER.NS,DOMS.NS,BOMBWIR.BO,TVSHLTD.NS,MURUDCERA.NS,MHEL.BO,POLYCHMP.BO,ASAL.NS,ASHISHPO.BO,DPWIRES.NS,GRSE.NS,SARTHAKIND.BO,HERCULES.BO,RMDRIP.NS,FINPIPE.NS,JSLINDL.BO,ESCORTS.NS,JBMA.NS,INTERARCH.NS,JOSTS.BO,DEFRAIL.BO,NDRAUTO.NS,COCHINSHIP.NS,ALFATRAN.BO,INDIANCARD.NS,KINETICENG.BO,DHABRIYA.NS,NATPLAS.BO,NAVNETEDUL.NS,DUNCANENG.BO,BHARATGEAR.NS,AHLADA.NS,PANCARBON.BO,ROLCOEN.BO,GSAUTO.BO,EPIC.BO,COMMAND.BO,ASGARD.BO,MAZDOCK.NS,SALZERELEC.NS,TRUECOLORS.BO,NITCO.NS,VAMSHIRU.BO,ANDREWYU.NS,PANAENERG.BO,ADVANCETL.BO,HONDAPOWER.NS,DCMSHRIRAM.NS,SAMPANN.NS,SUBROS.NS,GUJAPOLLO.NS,ICEMAKE.NS,VOLTAS.NS,TARIL.NS,TOKYOPLAST.NS,REXSEAL.BO,JWL.NS,FLAIR.NS,SOMICONVEY.NS,DCXINDIA.NS,LAPL.BO,RELICAB.BO,LOYAL.BO,KARBON.BO,BELDING.BO,INTLCOMBQ.BO,QUESTFLOW.BO,MSUMI.NS,ATAM.NS,SKFINDIA.NS,ALLTIME.NS,FIBERWEB.NS,CROMPTON.NS,CLENON.BO,HAVELLS.NS,MAHEPC.NS,POKARNA.NS,BRADYM.BO,BBL.NS,STAL.BO,INDOFARM.NS,SERVOTECH.NS,REGENCERAM.NS,ZODIAC.NS,KRITI.NS,SWANAGRO.BO,UNIENTER.NS,SUZLON.NS,SYMPHONY.NS,PRECAM.NS,CALCOM.BO,CENLUB.BO,APTPACK.BO,PRIMAINNO.BO,KISAN.BO,STARDELTA.BO,JISLJALEQS.NS,BAJAJINDEF.NS,WSI.NS,SHAKTIPUMP.NS,JISLDVREQS.NS,RDEL.BO,KPGEL.BO,TRF.NS,ANUP.NS,MBEL.NS,SEMAC.NS,GARWAMAR.BO,KRANTI.BO,FOCUS.NS,SFSL.BO,EUROPRATIK.NS,EUREKAFORB.NS,DEL.BO,INOXWIND.NS,GUJJUBHAI.BO,CHEMTECH.BO,ATVPR.BO,EPACK.NS,HINDWAREAP.NS,URAVIDEF.NS,OSWALPUMPS.NS,RMC.NS,SOLEX.NS,MEERA.BO,TRL.BO,ROSEMER.BO,CCME.BO,QRIL.BO"
4,Health Services,53,47,46,52,"KOVAI.NS,ASPIRA.BO,GKSL.NS,JSTL.BO,PARKHOSPS.NS,AASHKA.BO,ARTEMISMED.NS,YATHARTH.NS,SURAKSHA.NS,LALPATHLAB.NS,VIJAYA.NS,HANNAH.BO,GAUDIUMIVF.NS,NEPHROPLUS.NS,KMCSHIL.NS,THYROCARE.NS,SHANMUGA.BO,MEDANTA.NS,MDRC.BO,KKSHL.BO,METROPOLIS.NS,HCG.NS,GPTHEALTH.NS,MANIPALHOS.NS,KIMS.NS,APOLLOHOSP.NS,ASARFI.BO,AGARWALEYE.NS,ASTERDM.NS,RAINBOW.NS,LOTUSEYE.NS,MAXIND.NS,DRAGARWQ.NS,NH.NS,CMMHOSP.BO,JLHL.NS,KRSNAA.NS,STARIMAGIN.BO,MAXHEALTH.NS,ZDHJERK.BO,SML.BO,CTLLAB.BO,INDRAMEDCO.NS,FORTIS.NS,LAXMIDENTL.NS,NGIND.BO,JSLL.NS,FORTISMLR.BO,SHALBY.NS,SHARMEH.BO"
5,Electronic Technology,52,44,44,56,"SPECTRUM.NS,MTARTECH.NS,HFCL.NS,CYIENTDLM.NS,DIGILOGIC.BO,GRERENEW.BO,VALIANT.BO,AVALON.NS,ROSSTECH.NS,SYRMA.NS,BCCFUBA.BO,AEQUS.NS,METSL.BO,APARINDS.NS,HIGHNESS.BO,UNIVCABLES.NS,CENTUM.NS,PARAS.NS,UTLSOLAR.NS,SMARTLINK.NS,WEPSOLN.BO,PANACHE.NS,NAGPI.BO,ELPROINTL.NS,ASTRAMICRO.NS,ADCINDIA.BO,MRTX.BO,IDEAFORGE.NS,DATAPATTNS.NS,APOLLO.NS,POWERINDIA.NS,EMMVEE.NS,NETWEB.NS,KERNEX.NS,DCI.NS,NELCO.NS,KAVDEFENCE.NS,RIR.NS,HAL.NS,TANAA.NS,PUNJCOMMU.BO,KRISHNADEF.NS,JGTL.BO,NITIRAJ.NS,DIXON.NS,PRECISIO.BO,CNCRD.BO,ONIDA.NS,SIKA.NS,SHRADDHA.NS,GENUSPOWER.NS,HONAUT.NS,MOSCHIP.NS,SELECTRIC.BO,ROSSELLIND.NS,BEL.NS,AVANTEL.NS,PGEL.NS,TEJASNET.NS,DENORA.NS,SURANASOL.NS,TEMPSENS.NS,PREMIERENE.NS,CONTROLPR.NS,DLINKINDIA.NS,KAYNES.NS,TVSELECT.NS,INDTONER.BO,HINDHARD.BO,INA.NS,SPELS.NS,MEIL.NS,APLAB.BO,APLABPP.BO,GUJARATPOLY.BO,FINELINE.BO,BPL.NS,BDL.NS,INCAP.BO,WAAREEENER.NS,DRONACHRYA.BO,STERPOW.BO,SALORAINTL.BO,PANELEC.BO,VIKRAMSOLR.NS,HPL.NS,WEBELSOLAR.NS,NWIL.BO,ELIN.NS,WEL.NS,ADTECH.BO,SOLARIUM.BO,WAAREEINDO.NS,HEG.NS"
6,Energy Minerals,51,51,55,46,"ANTELOPUS.NS,GULFPETRO.NS,ASIANENE.NS,CHENNPETRO.NS,PRABHA.NS,HINDOILEXP.NS,MRPL.NS,CASTROLIND.NS,BHAGWOX.BO,GULFOILLUB.NS,OIL.NS,IRMENERGY.NS,CMLL.NS,COALINDIA.NS,SHRAJOI.BO,SOUTHWEST.NS,STRATMONT.BO,BPCL.NS,GNRL.NS,IOC.NS,ONGC.NS,VEEDOL.NS,REFEX.NS,RELIANCE.NS,HINDPETRO.NS,VOGL.NS,BHARATCOAL.NS,CONTPTR.BO"
7,Process Industries,51,49,53,52,"APOLLOIN.BO,SANGINITA.NS,SHANTAI.BO,BODALCHEM.NS,SHENTRA.BO,RSCINT.BO,SHHARICH.BO,KELENRG.BO,PARMSILK.BO,BEEZAASAN.BO,CELLA.BO,SKM.BO,SURBHIN.BO,RAYMOND.NS,INTEGFD.BO,SPICEISLIN.BO,KANELIND.BO,DATIWARE.BO,CFL.BO,TEJASSVI.BO,SVRL.BO,KETOMOTORS.BO,BHAGERIA.NS,KANORICHEM.NS,FILATEX.NS,CHEMIESYNT.BO,INDORAMA.NS,RPEL.NS,FCL.NS,IOLCP.NS,QUANTDIA.BO,HPBL.BO,RUBYMILLS.NS,JAUSPOL.BO,JUJHARLOGI.BO,TRUEGREEN.BO,VIKRAMAR.BO,OAL.NS,CITURGIA.BO,GANDHAR.NS,RAJPALAYAM.NS,AVADHSUGAR.NS,RESONANCE.BO,AKSHARCHEM.NS,SOTL.NS,GRWRHITECH.NS,SBECSUG.BO,MBAPL.NS,VTMLTD.NS,OCCLLTD.NS,GLEN.BO,AMARJOTHI.NS,JGCHEM.NS,SPORTKING.NS,AETHER.NS,INDOBORAX.NS,NEOGEN.NS,VALIANTORG.NS,JATTAINDUS.BO,JINDWORLD.NS,ELFIN.BO,DEVSON.BO,SRDAPRT.BO,COMSYN.NS,CAMEXLTD.BO,NRAIL.NS,HOCL.BO,BAIKAKAJI.BO,KRISHANA.NS,ACSTECH.NS,NAPSGLOBAL.BO,RGIL.BO,ASAHISONG.NS,SWARAJ.NS,UNITEDTE.BO,SUPER.BO,UNITEDPOLY.NS,RDGAIL.BO,RITESHIN.BO,IVP.NS,GHCLTEXTIL.NS,TATVA.NS,ARROWGREEN.NS,PRABHHANS.BO,TIMESGREEN.BO,PANAMAPET.NS,CFEL.NS,VICTMILL.BO,3BBLACKBIO.NS,UFLEX.NS,SHALPAINTS.NS,JUMBO.BO,NITINSPIN.NS,JASCH.BO,KRONOX.NS,BALAMINES.NS,RAIN.NS,ICIL.NS,TANFACIND.BO,SHIVALIK.NS,GANESHBE.NS,EMAMIPAP.NS,ELANTAS.NS,ZKHANDEN.BO,KINGFA.NS,APCOTEXIND.NS,IGPL.NS,OSCARGLO.BO,AYMSYNTEX.NS,UGARSUGAR.NS,ARIES.NS,MANALIPETC.NS,SIGIND.NS,PASUPTAC.NS,ARVIND.NS,EASTSILK.NS,RISHIROOP.BO,ORBTEXP.NS,CAPRIHANS.BO,DHAMPURE.BO,MACIND.BO,PATELCHEM.BO,PAR.NS,NAVINFLUOR.NS,ARMAN.BO,DCMSIL.NS,SHRIDINE.BO,BALRAMCHIN.NS,SOLARINDS.NS,APMIN.BO,CHEMBONDCH.NS,ARVEE.NS,TIRTPLS.BO,CARBORUNIV.NS,TARSONS.NS,RSWM.NS,RIDDHI.BO,SANGAMIND.NS,MARALOVER.NS,DBOL.NS,ARCHITORG.BO,BETXIND.BO,BEPL.NS,GOODRICKE.BO,JAYATMA.BO,PKTEA.NS,PRABHATAM.BO,HSCL.NS,VALSONQ.BO,TNPETRO.NS,PONNIERODE.NS,SUDARSCHEM.NS,STHINPA.BO,FOSECOIND.NS,MANOMAY.NS,SHREEPUSHK.NS,ELLEN.NS,KMSUGAR.NS,ASHNOOR.BO,PAUSHAKLTD.NS,AARTISURF.NS,MARIS.BO,SHAILY.NS,DHAMPURSUG.NS,DEEPAKSP.BO,GSPCROP.NS,GRAPHITE.NS,GNFC.NS,DICIND.NS,MKEXIM.NS,DMCC.NS,DCMNVL.NS,HALDYNGL.NS,SUBAM.BO,VISHNU.NS,AEROPLANE.NS,VIPULORG.BO,PLASTIBLEN.NS,TACENT.BO,DEEP.NS,ALKALI.NS,DALMIASUG.NS,TRANSPEK.NS,UNIROYAL.BO,FLUOROCHEM.NS,KOHINOOR.NS,KIRIINDUS.NS,ANDHRSUGAR.NS,ANJANI.BO,OMNITEX.BO,PASUSPG.BO,MAYURUNIQ.NS,CENTENKA.NS,MAHALIFE.BO,AGI.NS,NAHARINDUS.NS,GRINDWELL.NS,ZENIFIB.BO,PREMEXPLN.NS,UTTAMSUGAR.NS,TINNARUBR.NS,DOLLEX.NS,SANATHAN.NS,GANGAPA.BO,BINNYMILLS.BO,NPL.BO,TGVSL.NS,PRIVISCL.NS,NAHARSPING.NS,PRECOT.NS,HUHTAMAKI.NS,VISAKAIND.NS,INDOAMIN.NS,SRHHYPOLTD.NS,LAMBODHARA.NS,CHEMCON.NS,JAIHIND.BO,SANPA.BO,KCPSUGIND.NS,PRIMO.NS,POLYPLEX.NS,AARTIIND.NS,BBTCL.NS,SATIA.NS,REGAAL.NS,GOLDCOINHF.BO,RAJPACK.BO,SKYIND.BO,JKPAPER.NS,HISARSP.BO,LUDLOWJUT.BO,SUNDROP.NS,LXCHEM.NS,SUTLEJTEX.NS,COSMOFIRST.NS,ANDHRAPAP.NS,TECHNICHEM.BO,JINDALPOLY.NS,SHAHLON.BO,INDGELA.BO,KANCOTEA.NS,TGIF.BO,VENKEYS.NS,AVIVA.BO,CHEMBOND.NS,SPLPETRO.NS,SANTETX.BO,PDMJEPAPER.NS,JAYAGROGN.NS,VINEETLAB.NS,ADVANCE.NS,ORIENTLTD.NS,FINEORG.NS,KAMADGIRI.BO,ICL.BO,20MICRONS.NS,SIMRAN.BO,CHEVIOT.NS,BHILSPIN.BO,SAYAJIIND.NS,DYNAMIND.BO,GUJALKALI.NS,RUDRAECO.BO,INDIGOPNTS.NS,YORKEXP.BO,ESTER.NS,VITAL.NS,SURJIND.BO,VIPPYSP.BO,ADINATH.BO,GOCLCORP.NS,KONARKSY.BO,GOKULAGRO.NS,HARDCAS.BO,JOCIL.NS,SLSTLQ.BO,AREXMIS.BO,MCFL.BO,BAJAJHIND.NS,MAGADSUGAR.NS,GTNINDS.BO,SKPMIL.BO,BTTL.NS,EPL.NS,MHLXMIRU.NS,GOACARBON.NS,PREMCO.NS,DIGJAMLMTD.NS,KRBL.NS,PCBL.NS,CLSEL.NS,SHIVATEX.NS,TCMLMTD.BO,VPL.BO,KRISHIVAL.NS,GODREJAGRO.NS,ASTEC.NS,ALKYLAMINE.NS,WORTHPERI.NS,RISHITECH.BO,KOTIC.NS,GOTHIPL.BO,POLYLINK.BO,AMBIKCO.NS,TNPL.NS,MODTHREAD.NS,PODDARMENT.NS,DIANATEA.BO,SAPPL.NS,WIREFABR.BO,GUJCONT.BO,KOTHARIPET.NS,DTIL.NS,KANCHI.NS,TRUALT.NS,NUTECGLOB.BO,STARPAPER.NS,PERFEPA.BO,ARCL.NS,LTFOODS.NS,PGFOILQ.BO,TEEAI.BO,PARADEEP.NS,SAKHTISUG.NS,DSFCL.NS,TAINWALCHM.NS,NATRAJPR.BO,MOL.NS,SHLOKKA.BO,NIKHILAD.BO,INDOKEM.NS,VTL.NS,SALONA.NS,SURYALAXMI.NS,ULTRAMAR.NS,GANECOS.NS,OSWALOR.BO,FAIRCHEMOR.NS,POLYSPIN.NS,BAPACK.BO,DWARKESH.NS,SAMRATPH.BO,HINDTIN.BO,TIERRA.BO,SALGUTI.BO,YUG.BO,SEJALLTD.NS,SARLAPOLY.NS,RAMANEWS.NS,NEELKANTH.BO,SESHAPAPER.NS,SKMEGGPROD.NS,DHARMAJ.NS,PEETISEC.BO,SHINDL.NS,NOCIL.NS,SIHORA.BO,HINDADH.NS,KOTARISUG.NS,EXCELINDUS.NS,PBMPOLY.NS,KUSUMGAR.NS,BARODARY.BO,JAYSREETEA.NS,EMMBI.NS,ECOPLAST.BO,JUBLINGREA.NS,POLSON.BO,AMBICAAGAR.NS,RDBRL.BO,DEEPAKFERT.NS,VINYOFL.BO,DUROPACK.BO,BRIGHTBR.NS,BORANA.NS,PIDILITIND.NS,WARRENTEA.BO,ZUARIIND.NS,SFL.NS,JUBLCPL.NS,LINKPH.BO,XPROINDIA.NS,SURYALA.NS,KNACK.NS,SHIVAAGRO.NS,TIMETECHNO.NS,AXELPOLY.BO,MODWOOL.BO,GRATEXI.BO,EASTINDIA.BO,BHAGCHEM.NS,LAHOTIOV.NS,DHUNINV.NS,KNAGRI.NS,GOKUL.NS,SHIVAMILLS.NS,BI.NS,NIBE.NS,PICCADIL.NS,GODREJIND.NS,JYOTIRES.NS,VOITHPAPR.NS,ARROWHEAD.BO,DHANFAB.BO,OCTAVIUSPL.BO,LORDSCHLO.NS,DHINDIA.BO,DAICHI.NS,TUTIALKA.NS,TPLPLASTEH.NS,CLEAN.NS,EIKO.BO,VGL.NS,LOYALTEX.NS,KANDAGIRI.BO,JSWDULUX.NS,BAJAJST.NS,HINDMILL.BO,SUDARCOLOR.NS,SPTRSHI.BO,DEEPAKNTR.NS,KOTYARK.NS,PHOSPHATE.BO,GMPL.BO,ACLD.BO,RPPL.NS,SUNRAKSHAK.NS,SHRJAGP.NS,MALUPAPER.NS,ASIANPAINT.NS,LAGNAM.NS,PUNJABCHEM.NS,ROML.NS,MSL.NS,SIRCA.NS,LINDEINDIA.NS,ATUL.NS,WINSOMTX.BO,STYRENIX.NS,SHK.NS,BNAGROCHEM.NS,BASML.NS,SUPERBAK.BO,DAMODARIND.NS,AMNPLST.NS,PIONAGR.BO,HARRMALAYA.NS,KAMAHOLD.NS,PNTKYOR.BO,GINISILK.BO,EVERFIN.BO,LAFFANSQ.BO,DEEPAKCHEM.BO,NATPLASTI.BO,MANORG.NS,ANDHRAPET.BO,GINNIFILA.NS,PWASML.BO,SURYAAMBA.BO,KATRSPG.BO,INDSUCR.BO,AMAL.NS,WAAREE.BO,CLCIND.NS,KRITINUT.NS,KAIRA.BO,BANARISUG.NS,KGPETRO.BO,YASHHTEJ.BO,NATHIND.BO,KUANTUM.NS,BASF.NS,SHETR.BO,LAKSHMIMIL.NS,RACE.NS,NAPEROL.BO,SUMICHEM.NS,HPIL.NS,NATHBIOGEN.NS,BERGEPAINT.NS,DONEAR.NS,BSHSL.NS,EPIGRAL.NS,CHEMCRUX.NS,SUNILAGR.BO,NKIND.NS,GUJPETR.BO,MOHITIND.NS,MEGASTAR.NS,PASHUPATI.NS,PICCASUG.BO,FAZE3Q.NS,TYROON.BO,SRF.NS,DDEVPLSTIK.NS,RUCHIRA.NS,VIJSOLX.NS,RAJSREESUG.NS,MULTIBASE.BO,HARLETH.BO,GAGAN.BO,SIYSIL.NS,BANSWRAS.NS,BLUECHIPT.BO,POLYCHEM.BO,GSFC.NS,SWADEIN.BO,UNISEM.BO,YASHCHEM.BO,GEMAROMA.NS,RAMAPHO.NS,SBFL.BO,ASSOCIATED.BO,NAHARPOLY.NS,RIBATEX.BO,ADDIND.NS,MODINATUR.NS,RELCHEMQ.NS,RUBFILA.NS,PLATIND.NS,ZUARI.NS,POONADAL.BO,INSECTICID.NS,ZR2.BO,SHREERAMA.NS,DCW.NS,BLUECLOUDS.NS,CLARA.BO,FACT.NS,SPIC.NS,DIAMINESQ.NS,SOMATEX.NS,GOKAKTEX.BO,SIMPLXMIL.BO,BSL.NS,TULASEEBIOE.BO,AWL.NS,GUJCRAFT.BO,CHAMBLFERT.NS,RAJRILTD.NS,AMBARPIL.BO,POEL.NS,CHEMFAB.NS,BNALTD.NS,TRIDENT.NS,RENUKA.NS,HERANBA.NS,ACI.NS,BORORENEW.NS,BOROSCI.NS,NAGREEKEXP.NS,DHANROTO.BO,SPARKLEGR.BO,COROMANDEL.NS,SRINACHA.BO,DHANLAXMI.NS,GHCL.NS,BHASKAGR.BO,TATACHEM.NS,MAFATIND.NS,SUNSHIEL.NS,SELMC.NS,INNOVATORS.BO,UPL.NS,AIMCOPEST.BO,GARNETINT.BO,CIANAGRO.BO,KANSAINER.NS,GLOSTERLTD.NS,GODAVARIB.NS,THREEMPAPE.BO,WEIZMANIND.NS,GRAUWEIL.NS,SHREYANIND.NS,JAYTEX.BO,MADRASFERT.NS,JKAGRI.BO,HINDUST.BO,RCF.NS,AERONEU.NS,HPCOTTON.BO,BOMDYEING.NS,SHINEFASH.BO,NFL.NS,BAYERCROP.NS,AVANTIFEED.NS,DHANUKA.NS,VINATIORGA.NS,LAKHOTIA.BO,ZBINTXPP.BO,EIDPARRY.NS,DCMSRIND.NS,LAKESHORE.BO,HARIKANTA.BO,NOL.BO,VINAYAKPOL.BO,AEONXDIGI.BO,DAIKAFFI.BO,IPL.NS,SWADPOL.BO,KLRFM.BO,BHATEXT.BO,TRANSFRE.BO,BALAJEE.NS,ROSSARI.NS,RAGHUSYN.BO,PIIND.NS,RALLIS.NS,BHARATAGRI.BO,ABREL.NS,NAGTECH.BO,SPL.BO,KSCL.NS,BEARDSELL.NS,PAKKA.NS,SAMBANDAM.NS,MEHUL.BO,JAICORPLTD.NS,KHAICHEM.NS,IGCL.NS,SRTL.NS,PATANJALI.NS,HINDAPL.BO,SUBSM.BO,SIEL.NS,AGRITECH.NS,CHEMPLASTS.NS,OLYMPTX.BO,INDOUS.NS,RESGEN.BO,NOVAAGRI.NS,ANIRIT.BO,ABRIL.BO,KEMISTAR.BO,KSSMART.BO,SULA.NS,TIRUMALCHM.NS,VAHH.BO,FISCHER.NS,GANESHCP.NS,NACLIND.NS,KITEX.NS,CANDOUR.BO,PIOTEX.BO,AGROPHOS.NS,HILLTONE.BO,AGARIND.NS,DECPO.BO,SOLVEX.BO,HIMATSEIDE.NS,ANIRITPP.BO,MANIVENI.BO,CAMLINFINE.NS,YAJUR.BO,SHUBHAM.BO,GRMOVER.NS,SHANTIDENM.BO,RETINA.BO,SKYBIOTECH.BO,RAJKSYN.BO,WATERBASE.NS,OSIAJEE.BO,BHARATRAS.NS,TRIVENI.NS,KINGSINFR.BO,PCL.BO,AICHAMP.BO,DHANWEL.BO,AASTHA.NS,LEMERITE.NS,ALPINETEX.NS,LELAVOIR.BO,ARL.BO,MALA.BO,TTFL.BO,INDIAGLYCO.NS,BCCL.BO,BHUDEVI.BO,KSE.NS"
8,Miscellaneous,50,53,52,42,"INOVSYNTH.BO,ALTIUSINVIT.BO,CITIUSINVT.BO,GROWW.NS,PSPLATINA.BO,JINDCAP.BO,PSTITANIA.BO,ASHIKAG.NS,ENERGYINF.BO,SCILAL.NS,SUMMITSEC.NS"
9,Distribution Services,49,53,52,48,"APPL.BO,VOLKAI.BO,SIMANDHAR.BO,CCAL.BO,ARVAYA.BO,QMSMEDI.NS,RPTECH.NS,MARINE.NS,SBC.NS,NEXUSSURGL.BO,DRL.BO,SICAGEN.NS,AEGISLOG.NS,OPTIEMUS.NS,CNL.NS,REDINGTON.NS,UNJHAFOR.BO,PANIDPR.BO,ENTERO.NS,VEL.BO,AERPACE.BO,EFORU.BO,RAMAVISION.BO,ECOFINITY.BO,PALCO.BO,BUILDPRO.NS,ALCHCORP.BO,FRATELLI.BO,VEGA.BO,MARBLE.BO,PURETROP.BO,LLOYDSENT.NS,PIPAN.BO,STALLION.NS,ACEMEN.BO,PARKERAC.BO,SAMOR.BO,THEJO.NS,VINCOFE.NS,SAENTER.BO,CBPL.BO,AGRIBIO.BO,DHOOTIN.BO,TEGA.NS,RRMETAL.BO,SSDL.NS,OLYOI.BO,APL.BO,ADANIENT.NS,MISHKA.BO,AVAX.BO,JAYBARMARU.NS,AUREATE.BO,LABELKRAFT.BO,KHAZANCHI.BO,JKIPL.NS,YASHINNO.BO,BHAVIK.BO,ADON.BO,JOLYPLS.BO,SPML.BO,ENTRINT.BO,MERCURYEV.NS,MYSORPETRO.NS,BLACKROSE.NS,NANTA.BO,KALYANI.NS,FRONTCORP.BO,METROGLOBL.NS,OPCHAINS.BO,ATENPAPERS.BO,PALREDTEC.NS,EBIX.NS,HALDER.NS,IMPAL.NS,TAIIND.BO,PARSHVA.BO,HEXATRADEX.NS,SSTL.BO,MRP.BO,HMAAGRO.NS,EVERESTIND.NS,EMPIND.NS,ANIKINDS.NS,HRYNSHP.NS,KOTHARIPRO.NS,VINYLINDIA.NS,MRCAGRO.BO,MULLER.BO,YSL.BO,MMTC.NS,CONSTRONIC.BO,HMEML.BO,STCINDIA.NS,BALAXI.NS,SOUTHERNIN.BO,BMWVENTLTD.NS,ABANSENT.NS,PRIYALT.BO,KTIL.BO,COLAB.BO,RRPDEFENSE.BO,SIMPLXPAP.BO,GMDCLTD.NS,SHARDACROP.NS,VERITAS.BO,ISHANCH.NS,BRISK.BO,UMAEXPORTS.NS,SANBLUE.BO,SRD.NS,SANINFRA.BO,CONTILI.BO,UVS.BO,SHIVTEXCHEM.BO,NVENTURES.BO,AIHL.BO,EVERESTO.BO,EFCIL.NS,RONI.BO,SHRAAITECH.BO,STANBIK.BO,TCC.NS,CENTUPLE.BO,SHREE.BO,ROYAL.BO,GLPL.BO,ACCEDERE.BO,GEL.BO,TANVI.BO,MISQUITA.BO,NMSGLOBAL.BO,GVL.BO,MONIKA.BO,SEML.BO,MOPSHOP.BO,INLCM.BO"
10,Consumer Durables,49,51,49,46,"SOURCEIND.BO,AJCJEWEL.BO,TBZ.NS,ZELIO.BO,SJCORP.BO,EMROCK.BO,SKYGOLD.NS,CPPLUS.NS,TIMEX.NS,ATHERENERG.NS,SMLMAH.NS,UNIVPHOTO.NS,RAMBHAJO.NS,MAPROIN.BO,SHANTIGOLD.NS,BRRL.BO,RBZJEWEL.NS,JAINEX.BO,KOURA.BO,APIL.BO,KDDL.NS,JAIPAN.BO,NILKAMAL.NS,EIGHTY.BO,THANGAMAYL.NS,RGL.NS,GOLKUNDIA.BO,SONAMLTD.NS,CALLISTA.BO,PJL.BO,PNGSREVA.NS,KHAITANLTD.NS,STOVEKRAFT.NS,RETAGGIO.BO,ANSALBU.NS,SOVERDIA.BO,GKL.BO,PARIN.NS,SWARNSAR.NS,PRIMAPLA.BO,PARSHWANA.BO,TVSSRICHAK.NS,SHARP.BO,UDAYJEW.NS,TVSMOTOR.NS,SHOORA.BO,LGEINDIA.NS,TITAN.NS,SINGERIND.NS,EASTBUILD.BO,SHRISTI.BO,CARYSIL.NS,RADHIKAJWE.NS,BANARBEADS.NS,ANANTRAJ.NS,SHRINGARMS.NS,GOLDIAM.NS,ASAHIINDIA.NS,TMCV.NS,SANDHAR.NS,SIMPLXREA.NS,BGDL.BO,AIRLTD.BO,MILEFUR.BO,HEROMOTOCO.NS,HARSHDEEP.BO,ALPINEHOU.BO,EICHERMOT.NS,WHIRLPOOL.NS,KPT.BO,PRAENG.NS,SENCO.NS,GANESHHOU.NS,HYUNDAI.NS,KVTOYS.BO,DOLFIN.BO,BENGALASM.NS,ARTNIRMAN.NS,ATULAUTO.NS,SILGO.NS,SHANKESH.NS,BALKRISIND.NS,TRITONV.NS,MODIRUBBER.NS,ARKADE.NS,ATLASCYCLE.NS,OLAELEC.NS,IFBIND.NS,PRERINFRA.BO,SEKURITIND.NS,VAIBHAVGBL.NS,INFLAME.BO,CEATLTD.NS,MRF.NS,M&M.NS,SMR.BO,YAASHVI.BO,TIRUFOAM.BO,COSCO.BO,SKRABUL.BO,APOLLOTYRE.NS,FORCEMOT.NS,CERA.NS,ORIENTELEC.NS,TTKPRESTIG.NS,SHAMFOAM.BO,THAKDEV.NS,AAIL.BO,VARYAA.BO,KRYPTONQ.BO,OLECTRA.NS,VIPIND.NS,JKTYRE.NS,KOKUYOCMLN.NS,LUXURY.BO,RVHL.NS,BUTTERFLY.NS,BELLACASA.NS,MARUTI.NS,NCC.NS,JTEKTINDIA.NS,LAOPALA.NS,STUDDS.NS,SEVL.BO,STANLEY.NS,TEXELIN.BO,SAFARI.NS,BAJAJELEC.NS,LGHL.NS,NACDAC.BO,TMPV.NS,CELLO.NS,GORANIN.BO,COROENGG.BO,TOLINS.NS,PRITI.NS,GOODYEAR.NS,EY.BO,LIOTECH.BO,BCONCEPTS.NS,RAJESHEXPO.NS,ATALREAL.NS,SPITZE.BO"
11,Retail Trade,48,52,51,45,"DUKEOFS.BO,RECODE.BO,VPAL.BO,EMIL.NS,CONFIPET.NS,DPABHUSHAN.NS,UML.BO,BLUESTONE.NS,BHATIA.BO,LALITHAA.NS,SREEL.NS,MTL.BO,MSTCLTD.NS,KALYANKJIL.NS,MEESHO.NS,MVGJL.NS,PANORAMA.NS,HONASA.NS,ROBU.BO,STYLEBAAZA.NS,ISFT.NS,AUGMONT.NS,NYKAA.NS,MANYAVAR.NS,SHOPERSTOP.NS,CITYSQUARE.BO,AVL.NS,VMART.NS,ALANSCOTT.BO,COMPEAU.NS,CRAVATEX.NS,LANDMARK.NS,PNGJL.NS,ETHOSLTD.NS,PATELRMART.NS,SPICELOUNG.BO,WAKEFIT.NS,SHANKARA.NS,V2RETAIL.NS,RAL.BO,TRADEUNO.BO,HEALTHX.NS,KDML.BO,DMART.NS,PVSL.NS,REDTAPE.NS,MARCLOIRE.BO,LOGICA.BO,MISHDESIGN.BO,ACML.BO,MUFTI.NS,ARVINDFASN.NS,MEDPLUS.NS,VMM.NS,INDIAMART.NS,METROBRAND.NS,TRENT.NS,MCPL.BO,FIRSTCRY.NS,ABLBL.NS,SPENCERS.NS,ABFRL.NS,AAYUSH.BO,GARGI.BO,KALAMANDIR.NS,KIAASA.BO,ZAPPFRESH.BO,MANOJJEWEL.BO"
12,Non-Energy Minerals,47,50,50,47,"JTLDEFENCE.BO,GLITTEKG.BO,NEELKAN.BO,PARMESHWAR.BO,STEELCO.BO,NRL.NS,SALSTEEL.NS,MEGAMONT.BO,NEETUYOSHI.BO,RATNAVEER.NS,RAPICUT.BO,SBCL.NS,CUBEXTUB.NS,MMP.NS,GARGFUR.BO,INDIAHOMES.BO,MANAKSTEEL.NS,PREMIERPOL.NS,MAHASTEEL.NS,SHIVAM.BO,VENUSPIPES.NS,SUNFLAG.NS,STEELCAS.NS,VSSL.NS,SAMBHV.NS,HINDCON.NS,SERA.BO,KAMDHENU.NS,VIDYAWIRES.NS,MWL.NS,BGWTATO.BO,REMIEDEL.BO,SOBME.BO,ALUFLUOR.NS,NCML.BO,STYLAMIND.NS,RSL.NS,MUKANDLTD.NS,KVSCASTING.BO,SAHYADRI.NS,JTLIND.NS,HRS.BO,MAIDEN.BO,BMW.BO,JINDALSAW.NS,DIVSHKT.BO,SHAHALLOYS.NS,COSMICCRF.BO,TNSTLTU.BO,RALEGRA.BO,LLOYDSME.NS,SRIKPRIND.NS,COCKERILL.NS,ARFIN.NS,SGIL.NS,SCBL.BO,KSL.NS,MAHSEAMLES.NS,RISHDIGA.BO,VISL.NS,GOODLUCK.NS,APLAPOLLO.NS,MANGLMCEM.NS,ECOBOAR.BO,MIDHANI.NS,COCHINM.BO,SAIL.NS,SHARVAYA.BO,GEEKAYWIRE.NS,SUDAI.BO,RATNAMANI.NS,GANDHITUBE.NS,SUPERSHAKT.BO,WELSPLSOL.NS,JAYNECOIND.NS,NATIONALUM.NS,MANAKALUCO.NS,MAITRI.BO,SSWRL.BO,NATGENI.BO,ORIENTCER.NS,RATHIST.BO,SURAJ.BO,BEEKAY.NS,JSWSTEEL.NS,PANCM.BO,HINDZINC.NS,JINDALSTEL.NS,HINDALCO.NS,GRASIM.NS,MANAKCOAT.NS,HINDCOPPER.NS,VRAJ.NS,REMAGNET.BO,KIRLFER.NS,NIRAVCOM.BO,PANCHMAHQ.NS,PENIND.NS,MANAKSIA.NS,JSL.NS,KIRLOSIND.NS,CREATIVE.BO,WIPL.NS,BANSALWIRE.NS,MCL.NS,TATASTEEL.NS,NUVOCO.NS,SOUTHMG.BO,TALBROSENG.BO,GUJINTRX.BO,RAMCOIND.NS,AIROLAM.NS,BEDMUTHA.NS,MPKSTEELS.BO,ASHSI.BO,VMSTMT.NS,SUPERIRON.BO,PACIFICI.NS,BLEL.NS,KAJARIR.BO,NSLNISP.NS,SOLIDSTON.BO,BVCL.NS,SARDAEN.NS,SHRDAIS.BO,INDSILHYD.BO,RUDRA.NS,NELCAST.NS,HISARMETAL.NS,BIRLANU.NS,ULTRACEMCO.NS,TULSYAN.BO,CHROME.BO,HINDALUMI.NS,NMDC.NS,UNIAUTO.BO,AZADIND.NS,ELECTCAST.NS,INCREDIBLE.NS,NCLIND.NS,MAITHANALL.NS,ASIIL.BO,VSTL.NS,SANDUMA.NS,SAGARDEEP.NS,METALCO.BO,HARIOMPIPE.NS,IMFA.NS,JKCEMENT.NS,SHBAJRG.NS,MADHAV.NS,VISACHROME.NS,HPAL.NS,RESPONIND.NS,VESUVIUS.NS,NILACHAL.BO,ORISSAMINE.NS,KAKATCEM.NS,ARENTERP.NS,GRAVITA.NS,MSPL.NS,POCL.NS,JSWCEMENT.NS,ELECTHERM.NS,PRAKASH.NS,NITINCAST.BO,JAIBALAJI.NS,GALLANTT.NS,KRUPALU.BO,RAMCOCEM.NS,GREENLAM.NS,SURYAROSNI.NS,INDOBELL.BO,VAML.NS,GPIL.NS,KIOCL.NS,ZODJRDMKJ.BO,AROGRANITE.NS,EUROBOND.NS,KANSHST.BO,SHREECEM.NS,SRECR.BO,PRSMJOHNSN.NS,TIINDIA.NS,APCL.NS,DECCANCE.NS,SHREDIGCEM.NS,STARCEMENT.NS,BIRLACORPN.NS,SCODATUBES.NS,BLOIN.BO,DECNGOLD.NS,UMIYA.BO,SAURASHCEM.NS,SMLT.NS,HEIDELBERG.NS,MSCTC.BO,NILE.NS,VASWANI.NS,KACHCHH.BO,ASSOCER.BO,ACC.NS,MAANALU.NS,HITECH.NS,KANISHK.BO,SCANSTL.NS,CHENFERRO.BO,ASHAPURMIN.NS,JAINREC.NS,AMBUJACEM.NS,ZWELCAST.BO,INDIACEM.NS,SURAJLTD.NS,GREENPANEL.NS,SAGCEM.NS,ORIENTCEM.NS,MOIL.NS,ARDEE.NS,MITTALSTL.BO,KEERTHI.BO,JKLAKSHMI.NS,BIGBLOC.NS,VRUDDHI.BO,SIYARAM.BO,NEXXUS.BO,DUROPLY.BO,SPINAROO.BO,ANUBHAV.BO,ACL.NS,MONIND.BO,MIDWESTLTD.NS,SRICC.BO,SKCIL.BO,VEDL.NS,SAMPAT.BO,CRIMSON.BO,GSLSU.NS,IMEC.BO,JIVIAL.BO"
13,Commercial Services,46,46,48,46,"MAXGROW.BO,GBLINFRA.BO,SMEL.BO,SMTEL.BO,AMALGAM.BO,HYPERSOFT.BO,KAPSTON.NS,BLUSPRING.NS,MACHLTD.BO,PROCLB.BO,NORTHLINK.BO,SAILIFE.NS,GLOBAL.NS,QLL.BO,CHOKSILA.BO,QUESS.NS,AXISCADES.NS,TCPLPACK.NS,ONEPOINT.NS,HBEL.BO,ACCELERATE.BO,GTECJAINX.NS,ISTRNETWK.BO,ESHAMEDIA.BO,INLANPR.BO,ASIAPAK.BO,MITCON.NS,SIS.NS,ASTAR.NS,JAYKAY.NS,MAJESAUT.NS,MSECL.BO,UDS.NS,EXHICON.BO,NIRMITEE.BO,CMPDI.NS,VERANDA.NS,WEWIN.NS,KRYSTAL.NS,TECHKGREEN.BO,WSFX.BO,AARTECH.NS,ADL.NS,POBS.BO,IKS.NS,CONCORDBIO.NS,VIMTALABS.NS,ICON.BO,ECLERX.NS,HILIKS.BO,SSL.BO,CAPRO.BO,WALCHPF.BO,SUPRAPFSL.BO,AARVI.NS,CARERATING.NS,DAPS.BO,SIGNPOST.NS,SUGALDAM.BO,FUTSOL.BO,PWL.NS,TRANSCOR.NS,IECEDU.BO,ONEGLOBAL.NS,SAGILITY.NS,NIITLTD.NS,BNRUDY.BO,FSL.NS,KIRANPR.BO,MAGNUS.BO,GOLDENCREST.BO,CHOICEIN.NS,PML.NS,RITES.NS,MPILCORPL.BO,MOBIKWIK.NS,BRIGHT.BO,ALLDIGI.NS,ASIAN.BO,CLEDUCATE.NS,SEIL.NS,IGIL.NS,BLIL.NS,DECOMIC.BO,VISVEN.BO,APTECHT.NS,LTTS.NS,DGCONTENT.NS,LIKHAMI.BO,RKSWAMY.NS,HGS.NS,SNOWMAN.NS,PRODOCS.BO,EMIAC.BO,CPEDU.NS,EMERGENT.BO,RESPONSINF.BO,SAFECURE.BO,RADIANTCMS.NS,REPRO.NS,VERTOZ.NS,TEAMLEASE.NS,ITCONS.BO,ALPHALOGIC.BO,DJML.NS,MAPMYINDIA.NS,NBCC.NS,AMITSEC.BO,CASPIAN.BO,NSBBPO.BO,ICRA.NS,NISMGMT.BO,SYNGENE.NS,TOUCHWOOD.NS,ICONIKSPEV.BO,UNICK.BO,RTNINDIA.NS,PANHR.BO,LATENTVIEW.NS,NIITMTS.NS,ADCOUNTY.BO,CITIZEN.BO,DIGITIDE.NS,TTC.BO,AEIM.BO,CHTR.BO,GULFLLOYDS.BO"
14,Consumer Non-Durables,46,46,47,46,"STDSFAC.BO,CUPID.NS,JAYKAILASH.BO,VIVAA.BO,YASHO.NS,MAYUR.BO,SHAHFOOD.BO,ATVOENT.BO,SCPL.NS,MILKYMIST.NS,IRISDOREME.NS,WELSPUNLIV.NS,OVOBELE.BO,PGIL.NS,KSR.NS,CHMBBRW.BO,MAWANASUG.NS,NITTAGELA.NS,RACHIT.BO,CHORDIA.BO,SCAGRO.BO,ESSEX.BO,ANSINDUS.BO,CJGEL.BO,HIPOLIN.BO,BAJAJCON.NS,PCCOSMA.BO,MODAIRY.BO,AVTNPL.NS,VADILALIND.NS,PAJSON.BO,RADICO.NS,KWIL.NS,MANORAMA.NS,RIYAASAT.BO,ABDL.NS,MEEIND.BO,BIL.NS,UNIVSTAR.BO,SPENTA.BO,CHATHA.BO,TI.NS,LYKISLTD.BO,HATSUN.NS,NCCBLUE.BO,GILLANDERS.NS,NGIL.NS,GALAXYSURF.NS,CRAZY.BO,AAYUSHBULL.BO,TASTYBITE.NS,ADFFOODS.NS,FLEXFO.BO,SPAL.NS,VIDHIING.NS,GAEL.NS,BAMBINO.BO,TUSALDAH.BO,PARAGMILK.NS,ACKNIT.BO,TIGLOB.BO,SHAWGELTIN.BO,IWP.NS,MUKKA.NS,DVL.NS,TRANSFD.BO,HNDFDS.NS,KPRMILL.NS,MNFL.BO,HERITGFOOD.NS,VARDHACRLC.NS,MLKFOOD.NS,VANDU.BO,SANSTAR.NS,AMWILL.BO,SUPERHOUSE.NS,APIS.BO,GPAPL.BO,NEAGI.NS,APEX.NS,PDSL.NS,BIZOTIC.BO,BECTORFOOD.NS,KAYA.NS,EIFFL.NS,MARICO.NS,GULPOLY.NS,AVEER.BO,GMBREW.NS,NESTLEIND.NS,VADILENT.NS,BENGALT.BO,DIAMONDYD.NS,UNITDSPR.NS,MCLEODRUSS.NS,VASUPRADA.NS,VIRAT.NS,CCL.NS,JAGAJITIND.BO,VALENCIA.BO,ZYDUSWELL.NS,KFBL.BO,FIL.BO,GROBTEA.NS,SUNILTX.BO,UNIQUEO.BO,IFBAGRO.NS,CEENIK.BO,ZENITHEXPO.NS,IBINFO.BO,NTCIND.NS,SDBL.NS,TERAI.NS,RAVALSUGAR.BO,PAOS.BO,SPLIL.NS,DOLLAR.NS,LUXIND.NS,SUKHJITS.NS,PAGEIND.NS,WELTI.BO,AJANTSOY.BO,NORBTEAEXP.NS,KKCL.NS,ADVENZYMES.NS,VBL.NS,GOKEX.NS,VIRATCRA.BO,NSL.BO,KHADIM.NS,JAIPURKURT.NS,LOVABLE.NS,INDTERRAIN.NS,BCLIND.NS,SSMD.BO,ACTIVE.BO,CANTABIL.NS,ORIBEVER.BO,LOTUSCHO.NS,MONTECARLO.NS,KDGREEN.BO,THRIVE.BO,GANGESSECU.NS,DYNPRO.NS,UNITEDTEA.NS,MANBRO.NS,BANG.NS,DODLA.NS,VASHISHTHA.BO,SILVOAK.BO,JAMESWARREN.BO,PALASHSECU.NS,GILLETTE.NS,COLPAL.NS,THOMASCOTT.NS,ORKLAINDIA.NS,LEHAR.BO,SCOOBEEDAY.BO,BRITANNIA.NS,CAMPUS.NS,GOPAL.NS,TATACONSUM.NS,MALLCOM.NS,ZODIACLOTH.NS,BBTC.NS,GLOBUSSPR.NS,HINDUNILVR.NS,SINNAR.BO,TIRUSTA.BO,DABUR.NS,EMAMILTD.NS,SARUPINDUS.BO,JYOTHYLAB.NS,OCEANIC.BO,MIRZAINT.NS,LIBERTSHOE.NS,VSTIND.NS,PIONEEREMB.NS,LINC.NS,RUPA.NS,ITC.NS,RELAXO.NS,GODFRYPHLP.NS,NAPL.BO,HRHYGIENE.BO,BATAINDIA.NS,GOCOLORS.NS,VIPCLOTHNG.NS,UBL.NS,ANNAPURNA.NS,GODREJCP.NS,FOODSIN.NS,BIKAJI.NS,SONALIS.BO,RAVEL.BO,RAYMONDLSL.NS,RADIXIND.BO,SHRIGANG.BO,VANDAN.BO,ASALCBR.NS,SVJ.BO,PGHH.NS,ABCOTS.NS,SCARNOSE.BO,RFIL.BO,DAVIN.BO,GPSL.BO,ABRFL.BO,QTFOODS.BO"
15,Finance,46,45,46,44,"MRUTR.BO,SALSAIN.BO,ARIHANT.NS,NEWMKTAVE.BO,TANDHANIN.BO,INDUSFINL.BO,KUBERJI.BO,ASIACAP.BO,ACFSL.BO,RANJITSE.BO,KARTKIN.BO,PHCAP.BO,PHOTON.BO,HIKLASS.BO,STELLANT.BO,AMRAFIN.BO,RAJVI.BO,PRIMIND.BO,SWASTIKA.BO,ONELIFECAP.NS,JAFINANCE.BO,KREONFIN.BO,SHARDUL.NS,MUNOTHFI.BO,TFCILTD.NS,MKPMOB.BO,GCSL.NS,SW1.BO,WELINV.NS,MNIL.BO,INDCEMCAP.BO,PAISALO.NS,KINETRU.BO,IBULLSLTD.NS,GALLOPENT.BO,ESAFSFB.NS,FUNDVISER.BO,KISSHT.NS,KRISHNACAP.BO,FEDDERSHOL.NS,LOTUSDEV.NS,CSL.BO,KTKBANK.NS,ABHIFIN.BO,REGENCY.BO,TMB.NS,SHAREINDIA.NS,CONSOFINVT.NS,CTL.BO,GROVY.BO,MCX.NS,MAXESTATES.NS,PAYTM.NS,SRGFFL.BO,MIDEASTP.BO,AARNAV.NS,LANCORHOL.NS,OMAXE.NS,GSBFIN.BO,PURPLEFIN.BO,GSLSEC.BO,SMCGLOBAL.NS,SRMCL.BO,HRMNYCP.BO,SANCF.BO,SATIN.NS,APOLLOFI.BO,AUSOMENT.NS,IFINSEC.BO,INANISEC.BO,VLL.BO,SOUTHBANK.NS,SGFIN.NS,MONGIPA.BO,SWATIPRO.BO,CGCL.NS,VGIL.BO,EDELWEISS.NS,RBLBANK.NS,APOORVA.NS,ANANDRATHI.NS,UJJIVANSFB.NS,KARURVYSYA.NS,DCBBANK.NS,PRISMMEDI.BO,SANGHVIMOV.NS,CITIPOR.BO,OSWALEA.BO,EASUN.BO,ABHICAP.BO,JJFINCOR.BO,IIFL.NS,RAYMONDREL.NS,FEDERALBNK.NS,DYNAVSN.BO,PNBHOUSING.NS,VISTARAMAR.BO,PRUDENT.NS,MUFIN.NS,INDBNK.BO,ASHIANA.NS,GEECEE.NS,AYE.NS,PIRAMALFIN.NS,VEDANTASSET.BO,ARIHANTCAP.NS,GYANDEV.BO,DHANCOT.BO,LODHA.NS,PROZONER.NS,SUMEDHA.NS,CUB.NS,VAPIENTER.BO,STEL.NS,KOLTEPATIL.NS,MAHABANK.NS,IFCI.NS,MODIPON.BO,MANINFRA.NS,TAMBOLIIN.NS,GANHOLD.BO,J&KBANK.NS,MANCREDIT.NS,GDLLEAS.BO,GLANCE.BO,NUVAMA.NS,INDIQUBE.NS,JSFB.NS,KESAR.BO,SBLI.BO,ICDSLTD.NS,SARTHAKGL.BO,SWRNASE.BO,BERYLSE.BO,RISHYRN.BO,IIFLCAPS.NS,SMARTWORKS.NS,DBSTOCKBRO.NS,MODIS.NS,SODHACAP.BO,LAXMIINDIA.NS,PEOPLIN.BO,SHRIRAMFIN.NS,SWAGTAM.BO,ABCAPITAL.NS,ARMANFIN.NS,IDFCFIRSTB.NS,NIYOGIN.BO,ALGOQUANT.NS,STARTECK.NS,UNIONBANK.NS,CANHLIFE.NS,PHOENIXLTD.NS,AUBANK.NS,CAPITALSFB.NS,EMKAY.NS,PESB.BO,AMPL.BO,STARHEALTH.NS,WEWORK.NS,MINDSPACE.BO,STANROS.BO,NORTHARC.NS,EQUITASBNK.NS,PRIMESECU.NS,ICICIAMC.NS,MONARCH.NS,SAINIK.BO,BSE.NS,CLFL.BO,RAJKOTINV.BO,21STCENMGM.NS,MANBA.NS,SPCAPIT.BO,INDUSINDBK.NS,FIVESTAR.NS,MANAPPURAM.NS,NIRLON.NS,GEOJITFSL.NS,BANDHANBNK.NS,HELPAGE.BO,KOTAKBANK.NS,TREL.NS,ARYAMAN.NS,BAGMANE.BO,NXST.BO,SASHWAT.BO,PRIMEPRO.BO,OBEROIRLTY.NS,GAMCO.BO,RAPIDIN.BO,DLF.NS,PARAGONF.BO,LADDERUP.NS,NAM.BO,FEDFINA.NS,SVGLOBAL.NS,PNB.NS,AIIL.NS,YOGI.NS,NAGREEKCAP.NS,BFINVEST.NS,GALADAFIN.BO,MASKINVEST.NS,ANGELONE.NS,WALLFORT.BO,TRUSTEDGE.BO,INDPRUD.NS,JLL.BO,NIACL.NS,M&MFIN.NS,SPACAPS.BO,BRIGADE.NS,MOTOGENFIN.NS,BIRET.BO,ARVSMART.NS,ASSAMENT.NS,EMBASSY.BO,PURSHOTTAM.BO,EMERALD.BO,UCIL.BO,NEOINFRA.BO,RAJABAH.BO,DSINVEST.BO,NIKKIGL.BO,RPSGVENT.NS,SANGAMFIN.BO,RIKHAV.BO,JOINDRE.BO,DHANBANK.NS,LIBORD.BO,INDIANB.NS,KEMP.BO,CREST.NS,MAHLIFE.NS,NPRFIN.BO,AFSL.NS,ABIRAFN.BO,RRECL.NS,BAJAJHLDNG.NS,CHOLAFIN.NS,NAHARCAP.NS,PRESTIGE.NS,KJMCCORP.BO,MUTHOOTMF.NS,BAJFINANCE.NS,RELICTEC.BO,HOMEFIRST.NS,ARSSBL.NS,SHVFL.BO,AXENTRA.BO,ICICIBANK.NS,SHERVANI.NS,TATACAP.NS,MGIL.BO,MODRNSH.BO,SURYODAY.NS,HBSL.NS,KRT.BO,HBPOR.NS,PSCELESTIA.BO,AXISBANK.NS,360ONE.NS,LICHSGFIN.NS,SBIN.NS,IDBI.NS,POONAWALLA.NS,SAICAPI.NS,KEYCORP.BO,AKCAPIT.NS,KJMCFIN.NS,YESBANK.NS,MADHUDIN.BO,MUTHOOTCAP.NS,SONAL.NS,VHL.NS,MIIL.NS,KICL.NS,MKVENTURES.BO,SSFLPP.BO,STEELCITY.NS,SAHLIBHFI.NS,INDUSTOWER.NS,JHACC.BO,NIMBSPROJ.NS,INDIAHOME.BO,KIRANVYPAR.NS,EMBDL.NS,PHOENXINTL.NS,VLSFINANCE.NS,NBIFIN.NS,DAULAT.BO,ARYACAPM.BO,FUSION.NS,DEVX.NS,BANKINDIA.NS,PIONRINV.NS,MEHIF.BO,MERCANTILE.NS,WEALTH.NS,GOLECHA.BO,CILSEC.BO,LICI.NS,PTL.NS,JAGSONSER.BO,GYFTR.NS,MORARKFI.BO,SUNDARMFIN.NS,LYONSCO.BO,NIVABUPA.NS,JMFINANCIL.NS,PURVA.NS,KEYFINSERV.NS,ROSELABS.BO,DFL.BO,ESCORP.BO,NUKLEUS.BO,SILINV.NS,TEAMGTY.NS,CREDITACC.NS,IITLPROJ.BO,HARYNACAP.BO,CDSL.NS,RELIGARE.NS,ELIXIR.BO,RRP.BO,AVAILFC.BO,JUSTO.BO,CROWN.NS,PFS.NS,SITAENT.BO,ASITCFIN.BO,PRITHVIEXCH.BO,SUMIT.NS,SYSTMTXC.NS,CHRTEDCA.BO,SBILIFE.NS,BAZELINTER.BO,CORALFINAC.NS,IITL.NS,LTF.NS,FINKURVE.NS,TARC.NS,BAJAJFINSV.NS,TSFINV.NS,KIFS.BO,CANBK.NS,MASTERTR.NS,ELDEHSG.NS,TITANSEC.BO,NSIL.NS,GAJANANSEC.BO,FRUTION.BO,GOWRALE.BO,QGO.BO,THACKER.NS,CAPFIN.BO,INDOSTAR.NS,SBFC.NS,MASFIN.NS,UNTTEMI.BO,DHARNI.BO,BERVINL.BO,TATAINVEST.NS,MARBU.BO,GICRE.NS,BHARAT.BO,ELNET.BO,SHRIKRISH.NS,BHANDERI.BO,SAHARAHOUS.BO,PNBGILTS.NS,5PAISA.NS,DAMCAPITAL.NS,RODIUM.BO,BAJAJHFL.NS,NDGL.NS,SKPSEC.BO,MARGOFIN.BO,RAP.BO,ADMANUM.BO,AMJLAND.NS,AGIIL.NS,CENTRALBK.NS,BANKBARODA.NS,IOB.NS,JPOLYINVST.NS,TRILIANCE.BO,UPSURGE.BO,JINDALPHOT.NS,JAMSHRI.BO,ICICIGI.NS,TRADEWELL.BO,HDBFS.NS,3PLAND.NS,APTUS.NS,KALPATARU.NS,MUKESHB.NS,MFSL.NS,NLFL.BO,SOBHA.NS,MAHAPEXLTD.NS,HORIZONIND.NS,GRANDOAK.NS,GOGIACAPGL.BO,CEEJAY.BO,SAMMAANCAP.NS,STEP2COR.BO,RSDFIN.NS,GOLDENTOBC.NS,LFIC.NS,GODREJPROP.NS,QUESTCAP.BO,AADHARHFC.NS,REPCOHOME.NS,TCIIND.BO,INDERGR.BO,GUJCRED.BO,SPANDANA.NS,THEINVEST.NS,ASTALLTD.BO,ANNAINFRA.BO,UCOBANK.NS,IREDA.NS,SAUMYA.BO,NATIONSTD.NS,HDFCAMC.NS,AAVAS.NS,NARPROP.BO,DOLATALGO.NS,MUTHOOTFIN.NS,SBIFUNDS.NS,MANGALCOMP.BO,KGVL.BO,INTRGLB.BO,SAKTHIFIN.BO,SIGNATURE.NS,CANFINHOME.NS,JIOFIN.NS,UTIAMC.NS,CITADEL.BO,RECLTD.NS,GICHSGFIN.NS,SOUTLAT.BO,CRESCENTIS.BO,YURANUS.BO,VGCL.NS,WILLAMAGOR.NS,CRAMC.NS,SBICARD.NS,PSB.NS,EMAMIREAL.NS,SHRIRAMPPS.NS,GAJA.NS,HDFCBANK.NS,PILANIINVS.NS,MORGAN.BO,DBREALTY.NS,SAMINDUS.BO,IEX.NS,CSLFINANCE.NS,BLAL.NS,SBGLP.NS,CSBBANK.NS,1STCUS.BO,FUTURSEC.BO,HDFCLIFE.NS,ICICIPRULI.NS,MARATHON.NS,CHOLAHLDNG.NS,ELCIDIN.NS,BIRLAMONEY.NS,ALSL.BO,MANSIFIN.BO,HEMIPROP.NS,PFC.NS,HUBTOWN.NS,ZMILGFIN.BO,NEXOME.BO,AJMERA.NS,ARIHANTSUP.NS,ACME.BO,MIL.BO,TCFCFINQ.BO,HUDCO.NS,MONEYBOXX.NS,CIFL.NS,JSWHL.NS,NSDL.BO,INDIASHLTR.NS,GANVERSE.BO,UNITDCR.BO,GODIGIT.NS,SAFFRON.BO,SUNTECK.NS,SRAMSET.BO,RUSTOMJEE.NS,IRFC.NS,ZSARACOM.NS,RATNABHUMI.BO,AASTAFIN.BO,FINOPB.NS,TARACHAND.NS,TFSL.BO,INDBANK.NS,MEDIASSIST.NS,HARAFIN.BO,MUNCAPM.BO,MEAPL.BO,STRGRENWO.BO,OSWALGREEN.NS,NIDHGRN.BO,MYMONEY.BO,MANRAJH.BO,RAMSONS.BO,LERTHAI.BO,UGROCAP.NS,CMSINFO.NS,GARNET.BO,SRSOLTD.BO,KZLFIN.BO,MEHSECU.BO,NDASEC.BO,NISUS.BO,RTFL.BO,CMBL.BO,OSWALAGRO.NS,SALEM.BO,CENTRUM.NS,AWFIS.NS,CUPIDALBV.BO,ECOSMOBLTY.NS,RRFIN.BO,RAINBOWF.BO,CMXLTD.BO,USHAKIRA.BO,AUTOINT.BO,LEXGLOBAL.BO,RFL.BO,TURTLEMINT.NS,SEEMAX.BO,SUPREME.NS,SRGHFL.NS,DHRUVCA.BO,INDOTHAI.NS,LORDSMARK.BO"
16,Technology Services,45,45,48,47,"ISERA.BO,AXISOL.BO,STLTECH.NS,SIGMAADV.NS,SANCODE.BO,PRARUH.BO,PURPLEWAVE.BO,E2E.NS,CALSOFT.NS,XTRANET.NS,CAPRICORN.BO,SHADOWFAX.NS,AMRAPLIN.BO,DANLAW.BO,ASMTEC.BO,EXATO.BO,PVP.NS,MPCOSEMB.BO,ACESEPP.BO,EBGNG.NS,COVANCE.BO,LOKESHMACH.NS,GSTL.BO,BLSE.NS,INFINITY.BO,NOVUS.BO,NINSYS.NS,SOFTTECH.NS,UNIFIED.BO,NAZARA.NS,AMAGI.NS,BENCHMARK.BO,ACEALPHA.BO,INFONATIVE.BO,3IINFOLTD.NS,SESHACHAL.BO,BBOX.NS,CTE.NS,ACESOFT.BO,STYL.NS,EMUDHRA.NS,63MOONS.NS,NBL.BO,OCTAWARE.BO,RATEGAIN.NS,7SEASL.BO,OFSS.NS,ARIS.NS,COFORGE.NS,CARTRADE.NS,AURUM.NS,WORKMATES.BO,SECMARK.NS,TBOTEK.NS,MOBAVENUE.BO,ETERNAL.NS,URBANCO.NS,CYIENT.NS,MATRIMONY.NS,MOTILALOFS.NS,NPST.NS,EQUIPPP.NS,SENINFO.BO,GHVINFRA.BO,NETLINK.BO,NAUKRI.NS,TATATECH.NS,JUSTDIAL.NS,CRISIL.NS,HCKKVENTURE.BO,SAGARSOFT.BO,ERPSOFT.BO,RELIABLE.NS,SASKEN.NS,ZENTEC.NS,ONWARDTEC.NS,ABSLAMC.NS,TECHM.NS,PERSISTENT.NS,PROTEAN.NS,AAATECH.NS,SIGMA.NS,BLACKBUCK.NS,KLASSROOM.BO,MUKTAARTS.NS,CAPILLARY.NS,AMPVOLTS.BO,DATAMATICS.NS,EXPLEOSOL.NS,BHARATROHAN.BO,ENS.BO,MEGRISOFT.BO,CYBERTECH.NS,IDENTIXWEB.BO,RAMCOSYS.NS,COSYN.BO,INFORTEC.BO,RSYSTEMS.NS,B2BSOFT.BO,INSPIRISYS.NS,SATTRIX.BO,CGVAK.NS,IZMO.NS,PANSARI.NS,DSSL.NS,KRATIKAL.BO,AFFLE.NS,TRACXN.NS,PINELABS.NS,HCLTECH.NS,TANLA.NS,CSM.NS,XTGLOBAL.NS,INFOBEAN.NS,TRIGYN.NS,METAINFO.BO,LTM.NS,EXCELSOFT.NS,AUSTERE.BO,ACCELYA.NS,XCHANGING.NS,CAMS.NS,MASTEK.NS,ABMKNO.NS,SONATSOFTW.NS,MPHASIS.NS,NNTL.BO,KFINTECH.NS,FRACTAL.NS,IVALUE.NS,HEXT.NS,ICODEX.BO,KSOLVES.NS,DCM.NS,CWD.BO,EUPHORIAIT.BO,TREJHARA.NS,ODYSSEY.BO,CONTCHM.BO,SHIPROCKET.NS,7TEC.BO,GOLDTECH.NS,ADSL.NS,TCS.NS,AHASOLAR.BO,XELPMOC.NS,NEWGEN.NS,BSOFT.NS,UNIECOM.NS,INTENTECH.NS,SAKSOFT.NS,IRIS.NS,JARO.NS,MCLOUD.NS,UNITEDINT.BO,EDVENSWA.BO,INFY.NS,ORIENTTECH.NS,TECHNVISN.NS,GENESYS.NS,INNOVANA.NS,ATHENAGLO.BO,RAMINFO.BO,MADALA.BO,RSSOFTWARE.NS,NUCLEUS.NS,BLS.NS,WIPRO.NS,HAPPSTMNDS.NS,CNINFOTECH.BO,VEEFIN.BO,ATISHAY.BO,TELECANOR.BO,JUPITERIN.BO,MINDTECK.NS,INTELLECT.NS,ODIGMA.NS,CRIZAC.NS,QUICKHEAL.NS,IXIGO.NS,HGM.NS,TATAELXSI.NS,ZENSARTECH.NS,WESTLEIRES.BO,INDAGIV.BO,METHODHUB.BO,ANKIN.BO,SAFE.BO,DEVIT.NS,CURAA.NS,ACEENGITEC.BO,ZAGGLE.NS,KPITTECH.NS,AURIONPRO.NS,POLICYBZR.NS,ARIGATO.BO,LOGICIEL.BO,SILVERTUC.NS,TERASOFT.NS,OLATECH.BO,OMEGAIN.BO,EKENNIS.BO"
17,Consumer Services,44,50,46,44,"TRADWIN.BO,AHLWEST.NS,UFBL.NS,JOJO.BO,YAANENT.BO,SAYAJIHOTL.NS,IDREAM.BO,EMERALL.BO,CORDELIA.NS,MPSLTD.NS,CPCAP.NS,DACHEPALLI.BO,PFOCUS.NS,SPECIALITY.NS,RELIABVEN.BO,RBA.NS,THELEELA.NS,SHILINDORE.BO,ITDC.NS,SAREGAMA.NS,PVRINOX.NS,SUNSHINE.NS,DELTACORP.NS,ORIENTHOT.NS,KAMATHOTEL.NS,RASRESOR.BO,NDLVENTURE.NS,ASIANHOTNR.NS,GFLLIMITED.NS,WESTLIFE.NS,SUNTV.NS,GRAVISSHO.NS,TIPSMUSIC.NS,IMAGICAA.NS,NICCOPAR.NS,SHEMAROO.NS,SHPLPUNE.BO,UPHOT.NS,EASTRED.BO,DEVYANI.NS,INDHOTEL.NS,SAPPHIRE.NS,CINELINE.NS,SAVERA.BO,SSPRL.BO,IRONWOOD.BO,HTMEDIA.NS,CHALET.NS,EVANS.BO,BENARAS.NS,SANDESH.NS,HMVL.NS,VHLTD.NS,SINCLAIR.NS,JETKINGQ.BO,JUNIPER.NS,APOLSINHOT.NS,HBESD.NS,WONDERLA.NS,SCHAND.NS,TRAVELFOOD.NS,COFFEEDAY.NS,JUBLFOOD.NS,HELLOJI.BO,JAGRAN.NS,NHL.BO,AJWAFUN.BO,AHLEAST.NS,POOJAENT.BO,BALAJITELE.NS,JINDHOT.BO,BOMBCYC.BO,TIPSFILMS.NS,ITCHOTELS.NS,GUJHOTE.BO,EIHAHOTELS.NS,EIHOTEL.NS,TAJGVK.NS,RHL.NS,SAMHI.NS,DEN.NS,ADVANIHOTR.NS,THOMASCOOK.NS,VJTFEDU.BO,CHLLTD.BO,VENTIVE.NS,BRIGHOTEL.NS,JUNGLECAMP.BO,HOWARHO.BO,PARKHOTELS.NS,ITHL.BO,ENIL.NS,PGCRL.BO,ROHLTD.NS,RAYALEMA.BO,TVTODAY.NS,CINDHO.BO,DBCORP.NS,YATRA.NS,UFO.NS,NDTV.NS,LEMONTREE.NS,IRCTC.NS,LGT.BO,ZEEL.NS,MACH.BO,BYKE.NS,GTTDATA.BO,BLUECOAST.NS,MHRIL.NS,NETWORK18.NS,HBGHOTELS.BO,ESPIRE.BO,KAMATS.BO,UHMVL.BO,AQYLON.NS,CPML.BO"
18,Transportation,44,50,44,44,"NATHUEC.BO,SHREEJISPG.NS,PPARIVAH.BO,AFCOM.BO,INTSTOIL.BO,RAPID.BO,AEGISVOPAK.NS,MAHESHWARI.NS,GESHIP.NS,SILL.BO,MAHLOG.NS,SVLL.NS,JETFREIGHT.NS,TAALTECH.NS,DESIFARMS.BO,TOTAL.NS,RITCO.NS,VRLLOG.NS,FORINTL.BO,ADANIPORTS.NS,CARGOSOL.BO,REPONO.BO,TVSSCS.NS,SCI.NS,GPPL.NS,SICALLOG.NS,DREDGECORP.NS,OMFREIGHT.NS,GLOTTIS.NS,ASPINWALL.NS,OBCL.NS,INDIGO.NS,PSPL.BO,STARLOG.BO,SINDHUTRAD.NS,LEAPIND.NS,GMRAIRPORT.NS,TCIEXP.NS,CHOWGULSTM.BO,GKWLIMITED.NS,RIDDHICORP.BO,TRANSWORLD.NS,ATL.NS,ABCINDQ.BO,JITFINFRA.NS,CONCOR.NS,SANCTRN.BO,GLOBALLOG.BO,DELHIVERY.NS,BLUEDART.NS,WCIL.NS,AVG.NS,FLOMIC.BO,TRANSVOY.BO,GATEWAY.NS,GEMENVIRO.BO,BLT.BO,TCI.NS,DHILLON.BO,SMARITIME.BO,SWIGGY.NS,COASTCORP.NS,NAVKARCORP.NS,COARO.BO,HILINFRA.NS,SUNSKY.BO,DREAMFOLKS.NS,TIGERLOGS.NS,INNOVISION.NS,AWHCL.NS,NEPLOG.BO,GICL.NS,PRIMEFRESH.BO,CARGOTRANS.BO,GBLOGISTIC.BO"
19,Industrial Services,41,47,40,48,"MODISONLTD.NS,TELGE.BO,CRYOGENIC.BO,KRISHNA.BO,VINDHYATEL.NS,UNIVASTU.NS,TRISHAKT.BO,DEEPINDS.NS,CFF.BO,LLOYDSENGG.NS,DOLPHIN.NS,BRGIL.BO,TECHNOCRAF.NS,GAYAPROJ.NS,MOLDTECH.NS,GVPIL.NS,JAYANT.BO,ACMESOLAR.NS,ENGINERSIN.NS,WELENT.NS,OILCOUNTUB.NS,CEMPRO.NS,IL&FSENGG.NS,SEAMECLTD.NS,WABAG.NS,ORGANICREC.BO,CEIGALL.NS,ALPHAGEO.NS,JSWINFRA.NS,GOELCONS.BO,SHRICON.BO,TARMAT.NS,VIRYA.BO,UNIDT.NS,EPACKPEB.NS,FAALCON.BO,GENUSPRIME.BO,KPIL.NS,REFEXRENEW.BO,JINDRILL.NS,ABMINTLLTD.NS,LIKHITHA.NS,GTV.BO,ONEINDIG.BO,VVIPIL.BO,SIMPLEXINF.NS,POWERMECH.NS,OML.BO,COCHMAL.BO,MPDL.NS,GPTINFRA.NS,GMRP&UI.NS,SAB.NS,CONART.BO,GARUDA.NS,LESL.BO,BANKA.NS,MARKOLINES.NS,PFL.BO,ISGEC.NS,SCANPRO.BO,LT.NS,BCPL.NS,HCC.NS,VSFPROJ.BO,ATLANTAA.NS,RAUNAQ.BO,BLKASHYAP.NS,SUYOG.NS,AKASH.NS,RJSHAH.BO,SURAJEST.NS,PSPPROJECT.NS,SUPREMEINF.NS,BAJEL.NS,GKENERGY.NS,GENCON.NS,RVTH.NS,KAUSHALYA.NS,TECHNOE.NS,ARTEFACT.BO,HECPROJECT.NS,DBL.NS,DESCO.BO,PRAJIND.NS,EIEL.NS,SCDL.BO,JKIL.NS,SHREESHAY.BO,EKANSH.BO,BFUTILITIE.NS,GLOBECIVIL.NS,RIIL.NS,VALPLAST.BO,TRANSRAILL.NS,BONDADA.BO,NIRAJ.NS,CCLINTER.BO,BGRENERGY.NS,PATELENG.NS,VASCONEQ.NS,SHRADHA.NS,ECORECO.NS,OVAL.BO,VIVIANA.NS,BRAHMINFRA.NS,GRINFRA.NS,KNRCON.NS,SPMLINFRA.NS,EMSLIMITED.NS,SRM.NS,IRCON.NS,USK.NS,MBLINFRA.NS,GARWAOFFS.BO,DMR.BO,DENTA.NS,OMINFRAL.NS,SWSOLAR.NS,PIGL.NS,GVELECTRIC.BO,RAJESH.BO,VIKRAN.NS,ASHOKA.NS,VPRPL.NS,CAPACITE.NS,SGFRL.BO,GLOBALVECT.NS,AFCONS.NS,RVNL.NS,ADVENTHTL.NS,CEWATER.NS,REPL.NS,DARJEELING.BO,HGINFRA.NS,CEINSYS.NS,RPPINFRA.NS,AHLUCONT.NS,KEC.NS,KRRAIL.BO,RKEC.NS,RAMKY.NS,DHRUV.NS,PNCINFRA.NS,SOLARWORLD.NS,MIZVEN.BO"
20,Utilities,41,49,35,38,"SUGSLLOYD.BO,SGMART.NS,ANANDPROJ.BO,UEL.NS,SRMENERGY.BO,CLEANMAX.NS,RAJSEC.BO,EKI.NS,ADANIPOWER.NS,ADANIENSOL.NS,TEXINFRA.NS,GIPCL.NS,ADANIGREEN.NS,JNPR.NS,PETRONET.NS,GAIL.NS,NTPCGREEN.NS,RELTD.NS,MGL.NS,ATGL.NS,JSWENERGY.NS,TATAPOWER.NS,TORNTPOWER.NS,RUDRAGAS.BO,NTPC.NS,NAVA.NS,POWERGRID.NS,PTC.NS,NLCINDIA.NS,NHPC.NS,SKILVEN.BO,RCCL.BO,IGL.NS,WAA.BO,INOXGREEN.NS,KPIGREEN.NS,WAAREERTL.NS,OMPOWER.NS,KARMAENG.NS,PACEDIGITK.NS,CESC.NS,SJVN.NS,SWANCORP.NS,GITARENEW.BO,VEDPOWER.NS,GUJENERGY.NS,RPOWER.NS,KPEL.NS,RELINFRA.NS"
21,Communications,28,42,32,39,"STLNETWORK.NS,STML.BO,TATACOMM.NS,BHARTIARTL.NS,BHARTIHEXA.NS,ITI.NS,RAILTEL.NS,ONMOBILE.NS,TTML.NS,ROUTE.NS,GTPL.NS,MTNL.NS"
